CHEMBL336425	CCCC(C(CC(C)C)C(=O)NC(CCCN/C(N)=N/[N+](=O)[O-])C(=O)Nc1nccs1)N(O)C=O
CHEMBL135075	CCCC(C(Cc1ccc(C)s1)C(=O)NC(CCCN/C(N)=N/[N+](=O)[O-])C(=O)Nc1nccs1)N(O)C=O
CHEMBL99103	CNC(=O)C1Cc2ccc(cc2)OCCCCC(C(=O)NO)C(CCCc2cccc3ccccc23)C(=O)N1
CHEMBL19278	CC#CCOc1ccc(S(=O)(=O)N(C)c2c(C(=O)NO)cc(-c3ccccc3)cc2C2CC[NH+](C)CC2)cc1
CHEMBL19278	CC#CCOc1ccc(S(=O)(=O)N(C)c2c(C(=O)N[O-])cc(-c3ccccc3)cc2C2CC[NH+](C)CC2)cc1
CHEMBL484262	CC#CCOc1ccc(S(=O)(=O)CC2(C(=O)NO)CCN(c3c(C)noc3C)CC2)cc1
CHEMBL351471	CSCCCOc1ccc(S(=O)(=O)N2Cc3nccnc3CC2C(=O)NO)cc1
CHEMBL164192	COc1ccc(S(=O)(=O)N2Cc3cc(NC(=O)C([NH3+])Cc4ccccc4)ccc3CC2C(=O)NO)cc1
CHEMBL496368	CCOC(=O)C1(Cc2ccc(OCc3ccnc(-c4ccccc4)c3)cc2)CC1C(=O)NO
CHEMBL173235	CCOP(=O)(c1ccc(OC)cc1)N1CCN(C(=O)OCc2ccccc2)CC1C(=O)NO
CHEMBL134782	Cc1cc(COc2ccc(NC(=O)C3CN(Cc4nccs4)CCC3C(=O)NO)cc2)c2ccccc2n1
CHEMBL134782	Cc1cc(COc2ccc(NC(=O)C3C[NH+](Cc4nccs4)CCC3C(=O)NO)cc2)c2ccccc2n1
CHEMBL132928	O=C(NO)C1CN(C(=O)c2ccco2)CCC1C(=O)Nc1ccc(COc2cc[nH+]c3ccccc23)cc1
CHEMBL499905	CC#CCOc1ccc(S(=O)(=O)NC(Cc2cn(Cc3ccc(OC)cc3)c3ccccc23)C(=O)[O-])cc1
CHEMBL461220	NC(=O)C1(Cc2ccc(OCc3cc(-c4ccccc4)nc4ccccc34)c(F)c2)CC1C(=O)NO
CHEMBL1223007	COc1ccc2c(c1)C(=O)N(CC1(c3ccc(-c4cnn(C)c4)cc3)NC(=O)NC1=O)C2
CHEMBL1223007	COc1ccc2c(c1)C(=O)N(CC1(c3ccc(-c4cnn(C)c4)cc3)NC(=O)N=C1[O-])C2
CHEMBL1223006	Cc1noc(C)c1-c1ccc(C2(CN3Cc4ccc(F)cc4C3=O)NC(=O)NC2=O)cc1
CHEMBL1223006	Cc1noc(C)c1-c1ccc(C2(CN3Cc4ccc(F)cc4C3=O)NC(=O)N=C2[O-])cc1
CHEMBL252677	O=C(NC1CC2(CCCO2)CC1C(=O)NO)c1ccc(Cn2c(C3CC3)nc3ccccc32)cc1
CHEMBL111475	CC(=O)N1CCN(S(=O)(=O)c2ccc(OCc3cncc4ccccc34)cc2)C(C(=O)NO)C1C
CHEMBL144828	CNC(=O)C(NC(=O)C(CC(C)C)C(NS(=O)(=O)c1c[nH]cn1)C(=O)NO)C(C)(C)C
CHEMBL144828	CNC(=O)C(NC(=O)C(CC(C)C)C(NS(=O)(=O)c1cnc[nH]1)C(=O)NO)C(C)(C)C
CHEMBL411305	Cc1cc(COc2cccc(C3(C(=O)NC4CCCCC4)CC3C(=O)NO)c2)c2ccccc2n1
CHEMBL206254	Cc1cc(COc2ccc(C(=O)NC3(CC(=O)NO)CCN(S(C)(=O)=O)CC3)cc2)c2ccccc2n1
CHEMBL429336	COc1ccc(S(=O)(=O)N(Cc2cccnc2)c2c(C(=O)N[O-])cnc3c2c(C)nn3-c2ccccc2)cc1
CHEMBL429336	COc1ccc(S(=O)(=O)N(Cc2cccnc2)c2c(C(=O)NO)cnc3c2c(C)nn3-c2ccccc2)cc1
CHEMBL205290	Cc1cc(COc2ccc(C(=O)NC3(CC(=O)NO)CCCCC3)cc2)c2ccccc2n1
CHEMBL336832	Cc1cc(COc2ccc(NC(=O)C3C(C(=O)NO)CCC[NH+]3CC3CC3)cc2)c2ccccc2n1
CHEMBL97908	COc1ccc(S(=O)(=O)N2Cc3ccccc3N(C(=O)C3CCCCC3)CC2C(=O)NO)cc1
CHEMBL327578	O=C(NO)C1C(O)C(O)C(O)CN1S(=O)(=O)c1ccc(OC2CCCCC2)cc1
CHEMBL71007	Cc1cc(C)c(N(Cc2ccccc2)S(=O)(=O)c2ccc(OCCc3ccccc3)cc2)c(C(=O)NO)c1
CHEMBL92927	CC#CCOc1ccc(S(=O)(=O)N(CC(=O)NO)Cc2cccnc2)cc1
CHEMBL412280	COC(=O)C1(c2cccc(OCCc3ccc4ccccc4c3)c2)CC1C(=O)NO
CHEMBL270047	COC(=O)C1(c2cccc(OCCc3cccc4ccccc34)c2)CC1C(=O)NO
CHEMBL1087293	COc1ccc2[nH]n(CC3(c4ccccc4)NC(=O)NC3=O)c(=O)c2c1
CHEMBL1087293	COc1ccc2[nH]n(CC3(c4ccccc4)NC(=O)N=C3[O-])c(=O)c2c1
CHEMBL1087795	CC1(Cn2[nH]c3ccc(OCc4ccccc4)cc3c2=O)NC(=O)NC1=O
CHEMBL429112	Cc1cc(COc2ccc(C(=O)NC3CN(S(C)(=O)=O)CC34C(=O)NC(=O)N=C4[O-])cc2)c2ccccc2n1
CHEMBL429112	Cc1cc(COc2ccc(C(=O)NC3CN(S(C)(=O)=O)CC34C(=O)N=C([O-])NC4=O)cc2)c2ccccc2n1
CHEMBL429112	Cc1cc(COc2ccc(C(=O)NC3CN(S(C)(=O)=O)CC34C(=O)NC(=O)NC4=O)cc2)c2ccccc2n1
CHEMBL391288	Cc1cc(COc2ccc(C(=O)NC3CN(C(=O)c4cccnc4)CC34C(=O)NC(=O)NC4=O)cc2)c2ccccc2n1
CHEMBL391288	Cc1cc(COc2ccc(C(=O)NC3CN(C(=O)c4cccnc4)CC34C(=O)NC(=O)N=C4[O-])cc2)c2ccccc2n1
CHEMBL391288	Cc1cc(COc2ccc(C(=O)NC3CN(C(=O)c4cccnc4)CC34C(=O)N=C([O-])NC4=O)cc2)c2ccccc2n1
CHEMBL233932	CC#CCOc1ccc(S(=O)(=O)CC2(C(=O)NO)CCN(S(=O)(=O)C(C)(C)C)CC2)cc1
CHEMBL1088216	COc1ccc2c(c1)C(=O)N(CC1(C)NC(=O)NC1=O)C2
CHEMBL234143	CC#CCOc1ccc(S(=O)(=O)CC2(C(=O)NO)CCN(S(=O)(=O)CC3CCCCC3)CC2)cc1
CHEMBL401454	Cc1cc(Cc2ccc(C(=O)NC3CCCC3C(=O)NO)cc2)c2ccccc2n1
CHEMBL401454	Cc1cc(Cc2ccc(C(=O)NC3CCCC3C(=O)NO)cc2)c2ccccc2[nH+]1
CHEMBL164549	COCCCOc1ccc(S(=O)(=O)N2Cc3cc(N)ccc3CC2C(=O)NO)cc1
CHEMBL64262	Cc1cc(COc2ccc(N3CCC(C(NC(=O)N4CCOCC4)C(=O)NO)C3=O)cc2)c2ccccc2n1
CHEMBL539171	CCOP(=O)(c1ccc(-c2ccccc2)cc1)N1Cc2ccccc2CC1C(=O)NO
CHEMBL233842	CC#CCN1CC(NC(=O)c2ccc(Cc3cc(C)nc4ccccc34)cc2)C(C(=O)NO)C1
CHEMBL233842	CC#CC[NH+]1CC(NC(=O)c2ccc(Cc3cc(C)nc4ccccc34)cc2)C(C(=O)NO)C1
CHEMBL233842	CC#CCN1CC(NC(=O)c2ccc(Cc3cc(C)[nH+]c4ccccc34)cc2)C(C(=O)NO)C1
CHEMBL234033	Cc1cc(Cc2cccc(C(=O)NC3COCC3C(=O)NO)c2)c2ccccc2n1
CHEMBL234033	Cc1cc(Cc2cccc(C(=O)NC3COCC3C(=O)NO)c2)c2ccccc2[nH+]1
CHEMBL607026	O=C(NCCc1nc(Cc2ccccc2)co1)C(O)C(O)C(=O)N1CCCC1c1ccccc1
CHEMBL592053	O=C(NCc1nc(Cc2ccccc2)co1)C(O)C(O)C(=O)N1CCCC1c1ccccc1
CHEMBL1222588	COc1ccc2c(c1)C(=O)N(CC1(c3ccc(OC4CCCC4)cc3)NC(=O)NC1=O)C2
CHEMBL1222588	COc1ccc2c(c1)C(=O)N(CC1(c3ccc(OC4CCCC4)cc3)NC(=O)N=C1[O-])C2
CHEMBL194237	CC#CCOc1ccc(S(=O)(=O)N2CCN(S(C)(=O)=O)CC2C(=O)NO)cc1
CHEMBL174315	COc1ccc(P(=O)(OCCc2ccccc2)N2Cc3ccccc3CC2C(=O)NO)cc1
CHEMBL288664	CC#CCOc1ccc(S(=O)(=O)N2CC3OC(C)(C)OC3C(O)C2C(=O)NO)cc1
CHEMBL184302	Cc1cc(COc2ccc(S(=O)(=O)CC3(CC(=O)NO)CCCC3)cc2)c2ccccc2n1
CHEMBL247776	Cc1cc(COc2ccc(NC(=O)CC3CCCC34NC(=O)NC4=O)cc2)c2ccccc2n1
CHEMBL67590	Cc1cc(Br)cc(C(=O)NO)c1N(C)S(=O)(=O)c1ccc(-c2ccc(OCc3ccccc3)cc2)cc1
CHEMBL67590	Cc1cc(Br)cc(C(=O)N[O-])c1N(C)S(=O)(=O)c1ccc(-c2ccc(OCc3ccccc3)cc2)cc1
CHEMBL35707	COc1ccc(S(=O)(=O)N(Cc2cccnc2)c2c(C(=O)N[O-])cnc3snc(C)c23)cc1
CHEMBL35707	COc1ccc(S(=O)(=O)N(Cc2cccnc2)c2c(C(=O)NO)cnc3snc(C)c23)cc1
CHEMBL305499	Cc1cc(Br)cc(C(=O)NO)c1N(C)S(=O)(=O)c1ccc(-c2ccc(OCc3cccnc3)cc2)cc1
CHEMBL305499	Cc1cc(Br)cc(C(=O)N[O-])c1N(C)S(=O)(=O)c1ccc(-c2ccc(OCc3cccnc3)cc2)cc1
CHEMBL287871	CN(c1c(C(=O)NO)cnc2ccccc12)S(=O)(=O)c1ccc(Oc2ccncc2)cc1
CHEMBL287871	CN(c1c(C(=O)N[O-])cnc2ccccc12)S(=O)(=O)c1ccc(Oc2cc[nH+]cc2)cc1
CHEMBL287871	CN(c1c(C(=O)NO)cnc2ccccc12)S(=O)(=O)c1ccc(Oc2cc[nH+]cc2)cc1
CHEMBL287871	CN(c1c(C(=O)N[O-])cnc2ccccc12)S(=O)(=O)c1ccc(Oc2ccncc2)cc1
CHEMBL334446	O=C(NO)C1CCCCC1C(=O)Nc1ccc(COc2ccc3ncccc3c2)cc1
CHEMBL135696	O=C(NO)C1CCCCC1C(=O)Nc1ccc(COc2cc[nH+]c3ccccc23)cc1
CHEMBL335177	O=C(NO)C1CCCC1C(=O)Nc1ccc(OCc2ccncc2)cc1
CHEMBL1222720	COc1ccc2c(c1)C(=O)N(CC1(c3ccc(C(=O)N4CCCC4)cc3)NC(=O)NC1=O)C2
CHEMBL1222720	COc1ccc2c(c1)C(=O)N(CC1(c3ccc(C(=O)N4CCCC4)cc3)NC(=O)N=C1[O-])C2
CHEMBL373154	Cc1cc(COc2ccc(C3(N4CC[NH+](CCCc5ccccc5)CC4)C(=O)NC(=O)NC3=O)cc2)c2ccccc2n1
CHEMBL373154	Cc1cc(COc2ccc(C3(N4CC[NH+](CCCc5ccccc5)CC4)C(=O)N=C([O-])NC3=O)cc2)c2ccccc2n1
CHEMBL373154	Cc1cc(COc2ccc(C3(N4CCN(CCCc5ccccc5)CC4)C(=O)NC(=O)NC3=O)cc2)c2ccccc2n1
CHEMBL373154	Cc1cc(COc2ccc(C3(N4CC[NH+](CCCc5ccccc5)CC4)C(=O)NC(=O)N=C3[O-])cc2)c2ccccc2n1
CHEMBL193945	Cc1cc(COc2ccc(C3(N4CCN(CCc5ccccc5)CC4)C(=O)NC(=O)NC3=O)cc2)c2ccccc2n1
CHEMBL193945	Cc1cc(COc2ccc(C3(N4CCN(CCc5ccccc5)CC4)C(=O)NC(=O)N=C3[O-])cc2)c2ccccc2n1
CHEMBL193945	Cc1cc(COc2ccc(C3(N4CC[NH+](CCc5ccccc5)CC4)C(=O)N=C([O-])NC3=O)cc2)c2ccccc2n1
CHEMBL193945	Cc1cc(COc2ccc(C3(N4CC[NH+](CCc5ccccc5)CC4)C(=O)NC(=O)N=C3[O-])cc2)c2ccccc2n1
CHEMBL193945	Cc1cc(COc2ccc(C3(N4CC[NH+](CCc5ccccc5)CC4)C(=O)NC(=O)NC3=O)cc2)c2ccccc2n1
CHEMBL193945	Cc1cc(COc2ccc(C3(N4CCN(CCc5ccccc5)CC4)C(=O)N=C([O-])NC3=O)cc2)c2ccccc2n1
CHEMBL1222655	O=C1NC(=O)C(CN2Cc3ccc(F)cc3C2=O)(c2ccc(N3CCCC3=O)cc2)N1
CHEMBL1222655	O=C1N=C([O-])C(CN2Cc3ccc(F)cc3C2=O)(c2ccc(N3CCCC3=O)cc2)N1
CHEMBL99318	COc1cc(CCCC2C(=O)NC(C(=O)c3ccccc3)Cc3ccc(cc3)OCCCCC2C(=O)NO)cc(OC)c1
CHEMBL318484	CC1(C)SCCN(S(=O)(=O)c2ccc(Oc3cccnc3)cc2)C1C(=O)NO
CHEMBL196092	CC#CCOc1ccc(S(=O)(=O)N2CCOCC2C(=O)NO)cc1
CHEMBL442421	Cc1cc(COc2ccc(C(=O)NC(C)C3NC(=O)NC3=O)cc2)c2ccccc2n1
CHEMBL289604	O=C(N[O-])c1cnc2cc(C(F)(F)F)ccc2c1N(Cc1cccnc1)S(=O)(=O)c1ccc(-c2ccccc2)cc1
CHEMBL289604	O=C(NO)c1cnc2cc(C(F)(F)F)ccc2c1N(Cc1cccnc1)S(=O)(=O)c1ccc(-c2ccccc2)cc1
CHEMBL223831	CC#CCOc1ccc(S(=O)(=O)C(C(=O)NO)C2CCN(C(=O)C3CC3)CC2)cc1
CHEMBL192309	Cc1ncccc1COc1ccc(S(=O)(=O)N2CC(O)CC(C)(C)C2C(=O)NO)cc1
CHEMBL246376	Cc1cc(COc2ccc(NC(=O)C3CCCCC34NC(=O)NC4=O)cc2)c2ccccc2n1
CHEMBL252876	CC(C)(F)c1nc2ccccc2n1Cc1ccc(C(=O)NC2CC3(CCCO3)CC2C(=O)NO)cc1
CHEMBL92067	CCCCCCC1C(=O)NC(C(=O)NCCCn2cc[nH+]c2)Cc2ccc(cc2)OCCCC1C(=O)NO
CHEMBL92067	CCCCCCC1C(=O)NC(C(=O)NCCCn2ccnc2)Cc2ccc(cc2)OCCCC1C(=O)NO
CHEMBL461801	Cc1cc(COc2ccc(C(=O)NCCC(=O)NO)cc2)c2ccccc2n1
CHEMBL363758	CC#CCOc1ccc(S(=O)(=O)N2Cc3cc(N4CCOCC4)ccc3N(C(C)=O)CC2C(=O)NO)cc1
CHEMBL88351	Cc1csc(NC(=O)CNC(=O)C2CCCCN(C)C(=O)OCCCC(C(=O)NO)C(CC(C)C)C(=O)N2)n1
CHEMBL591031	O=C(NCc1cc(CC2C=CC=CC2Cl)cs1)C(O)C(O)C(=O)N1CCCC1c1cccc(Cl)c1
CHEMBL325150	Cc1ccccc1COc1ccc(S(=O)(=O)N2CCN(Cc3ccccc3)C(C)C2C(=O)NO)cc1
CHEMBL1078396	COc1ccc2[nH]n(CC3(C)NC(=O)NC3=O)c(=O)c2c1
CHEMBL18943	Cc1cc(Br)cc(C(=O)NO)c1N(C)S(=O)(=O)c1ccc(OCC#CCO)cc1
CHEMBL18943	Cc1cc(Br)cc(C(=O)N[O-])c1N(C)S(=O)(=O)c1ccc(OCC#CCO)cc1
CHEMBL315318	CC(C)CC1C(=O)NC(C(=O)NCC(=O)NC2CCC2)Cc2ccc(cc2)OCCCC1C(=O)NO
CHEMBL279785	CNC(=O)C(NC(=O)C(CC(C)C)C(O)C(=O)NO)C(C)(C)C
CHEMBL391851	Cc1cc(COc2ccc(C(=O)NC3(C)C(=O)NC(=O)N=C3[O-])cc2)c2ccccc2n1
CHEMBL391851	Cc1cc(COc2ccc(C(=O)NC3(C)C(=O)NC(=O)NC3=O)cc2)c2ccccc2n1
CHEMBL391851	Cc1cc(COc2ccc(C(=O)NC3(C)C(=O)N=C([O-])NC3=O)cc2)c2ccccc2n1
CHEMBL241047	Cc1cc(COc2ccc(C(=O)CCC3(C)C(=O)NC(=O)NC3=O)cc2)c2ccccc2n1
CHEMBL241047	Cc1cc(COc2ccc(C(=O)CCC3(C)C(=O)NC(=O)N=C3[O-])cc2)c2ccccc2n1
CHEMBL241047	Cc1cc(COc2ccc(C(=O)CCC3(C)C(=O)N=C([O-])NC3=O)cc2)c2ccccc2n1
CHEMBL259032	Cc1cc(COc2cccc(C3(C(=O)NCc4ccccc4)CC3C(=O)NO)c2)c2ccccc2n1
CHEMBL96396	CC#CCOc1ccc(S(=O)(=O)NC(CSCc2cccnc2)C(=O)NO)cc1
CHEMBL144206	CNC(=O)C(NC(=O)C(CC(C)C)C(NS(=O)(=O)c1ccc2c(c1)CC(=O)N2)C(=O)NO)C(C)(C)C
CHEMBL37788	COc1ccc(S(=O)(=O)N(Cc2cccnc2)c2c(C(=O)NO)cnc3c(-c4cccs4)cccc23)cc1
CHEMBL37788	COc1ccc(S(=O)(=O)N(Cc2cccnc2)c2c(C(=O)N[O-])cnc3c(-c4cccs4)cccc23)cc1
CHEMBL358962	CNC(=O)C(NC(=O)C(CCCOCc1ccccc1)C(OCc1ccc2nc(C)[nH]c(=O)c2c1)C(=O)NO)C(C)(C)C
CHEMBL204357	CCCC(C(=O)NO)C(CC(C)C)C(=O)NC1CCCCN(Cc2cccc(Oc3ccccc3)c2)C1=O
CHEMBL100081	COc1ccc(S(=O)(=O)N(Cc2ccc(OCC[NH+]3CCCCC3)cc2)c2c(C)cccc2C(=O)NO)cc1
CHEMBL100081	COc1ccc(S(=O)(=O)N(Cc2ccc(OCC[NH+]3CCCCC3)cc2)c2c(C)cccc2C(=O)N[O-])cc1
CHEMBL409890	Cc1cc(COc2cccc(C3(C(=O)Nc4ccccc4)CC3C(=O)NO)c2)c2ccccc2n1
CHEMBL412796	O=S(=O)(c1ccc(OCC#CC[NH+]2CCCCC2)cc1)N1CCC(S)C1
CHEMBL89419	CC(C)CC1C(=O)NC(C(=O)Nc2ccc(N3CCOCC3)cc2)CCCCNC(=O)OCCCC1C(=O)NO
CHEMBL432079	C=CCC(C(=O)NO)C(CC(C)C)C(=O)NC(Cc1ccccc1)C(=O)NC
CHEMBL421009	COc1cc(Oc2ccc(S(=O)(=O)CC(C)C(=O)NO)cc2)cc(OC)c1OC
CHEMBL250710	CC#CCOc1ccc(S(=O)(=O)CC2(C(=O)NO)CCCN(S(=O)(=O)Cc3ccncc3)C2)cc1
CHEMBL95807	COc1ccc(S(=O)(=O)N2Cc3ccccc3N(C(=O)c3cccs3)CC2C(=O)NO)cc1
CHEMBL365892	CC#CCOc1ccc(S(=O)(=O)N2Cc3ccccc3N(C(=O)c3cccnc3)CC2C(=O)NO)cc1
CHEMBL212481	CC#CCOc1ccc(S(=O)(=O)CC2(C(=O)NO)CCN(C(=O)c3ccccc3)CC2)cc1
CHEMBL442423	Cc1cc(COc2ccc(C(=O)NC3CCCCC34C(=O)NC(=O)NC4=O)cc2)c2ccccc2n1
CHEMBL442423	Cc1cc(COc2ccc(C(=O)NC3CCCCC34C(=O)N=C([O-])NC4=O)cc2)c2ccccc2n1
CHEMBL442423	Cc1cc(COc2ccc(C(=O)NC3CCCCC34C(=O)NC(=O)N=C4[O-])cc2)c2ccccc2n1
CHEMBL247967	Cc1cc(COc2ccc(C(=O)NC3CCCC34C(=O)NC(=O)NC4=O)cc2)c2ccccc2n1
CHEMBL247967	Cc1cc(COc2ccc(C(=O)NC3CCCC34C(=O)NC(=O)N=C4[O-])cc2)c2ccccc2n1
CHEMBL247967	Cc1cc(COc2ccc(C(=O)NC3CCCC34C(=O)N=C([O-])NC4=O)cc2)c2ccccc2n1
CHEMBL395880	Cc1cc(COc2ccc(C(=O)NCC3(N4CCN(S(C)(=O)=O)CC4)C(=O)NC(=O)N=C3[O-])cc2)c2ccccc2n1
CHEMBL395880	Cc1cc(COc2ccc(C(=O)NCC3(N4CCN(S(C)(=O)=O)CC4)C(=O)N=C([O-])NC3=O)cc2)c2ccccc2n1
CHEMBL80272	COc1ccc(S(=O)(=O)N(Cc2ccccc2)c2c(OCC(=O)NO)cccc2C(=O)NO)cc1
CHEMBL80272	COc1ccc(S(=O)(=O)N(Cc2ccccc2)c2c(OCC(=O)NO)cccc2C(=O)N[O-])cc1
CHEMBL180181	CC#CCOc1ccc(S(=O)(=O)N2CCSCCC2C(=O)NO)cc1
CHEMBL93620	O=C(NO)C1C(O)C(O)C(O)CN1S(=O)(=O)c1ccc(OCc2ccccc2)cc1
CHEMBL172722	CCOP(=O)(/C=C/c1ccccc1)N1Cc2ccccc2CC1C(=O)NO
CHEMBL80911	CCCCOc1ccc(S(=O)(=O)C2(C(=O)NO)CC[NH+](Cc3cccc(OCCN4CCOCC4)c3)CC2)cc1
CHEMBL80911	CCCCOc1ccc(S(=O)(=O)C2(C(=O)NO)CCN(Cc3cccc(OCCN4CCOCC4)c3)CC2)cc1
CHEMBL248172	Cc1cc(COc2ccc(C(=O)NC3COCC34C(=O)NC(=O)NC4=O)cc2)c2ccccc2n1
CHEMBL248172	Cc1cc(COc2ccc(C(=O)NC3COCC34C(=O)N=C([O-])NC4=O)cc2)c2ccccc2n1
CHEMBL248172	Cc1cc(COc2ccc(C(=O)NC3COCC34C(=O)NC(=O)N=C4[O-])cc2)c2ccccc2n1
CHEMBL167460	O=C(NO)C1Cc2nccnc2CN1S(=O)(=O)c1ccc(OCCCc2ccccc2)cc1
CHEMBL171986	CCOP(=O)(c1cc[nH+]cc1)N1Cc2ccccc2CC1C(=O)NO
CHEMBL171986	CCOP(=O)(c1ccncc1)N1Cc2ccccc2CC1C(=O)NO
CHEMBL401263	Cc1cc(COc2ccc(C(=O)NC3CC4(CC3C(=O)NO)OCCO4)cc2)c2ccccc2n1
CHEMBL307252	COc1ccc(S(=O)(=O)C(Cc2ccc3ccccc3c2)C(=O)NO)cc1
CHEMBL591774	O=C(NCc1cc2ccccc2o1)C(O)C(O)C(=O)N1CCCC1c1ccccc1
CHEMBL409252	COC(=O)C1(c2cccc(OCc3ccc(Cl)c(Cl)c3)c2)CC1C(=O)NO
CHEMBL313936	CC(C)CC1C(=O)NC(C(=O)NCCc2ccccn2)CCCCNC(=O)OCCCC1C(=O)NO
CHEMBL89137	CC(C)CC1C(=O)NC(C(=O)NCC2CCCO2)CCCCNC(=O)OCCCC1C(=O)NO
CHEMBL343548	Cc1cc(COc2ccc(NC(=O)C3CCN(C(=O)c4ccco4)CC3C(=O)NO)cc2)c2ccccc2n1
CHEMBL88284	COC(=O)c1csc(NC(=O)C2CCCCNC(=O)OCCCC(C(=O)NO)C(CC(C)C)C(=O)N2)n1
CHEMBL600680	CN(Cc1cccnc1)C(=O)C(O)C(O)C(=O)NCCc1cccs1
CHEMBL422821	Cc1cc(COc2ccc(NC(=O)C3CCN(C(=O)OCc4nccs4)CC3C(=O)NO)cc2)c2ccccc2n1
CHEMBL137323	Cc1cc(COc2ccc(NC(=O)C3CCN(C(=O)OCc4cscn4)CC3C(=O)NO)cc2)c2ccccc2n1
CHEMBL88445	CNC(=O)C(CC(C)C)NC(=O)C1CCCCNC(=O)OCCCC(C(=O)NO)C(CC(C)C)C(=O)N1
CHEMBL1089843	CC#CCOc1ccc(S(=O)(=O)NC(CCN2C(=O)c3ccccc3C2=O)C(=O)NO)cc1
CHEMBL1089842	CC#CCOc1ccc(S(=O)(=O)NC(CCNC(=O)OCc2ccccc2)C(=O)NO)cc1
CHEMBL459748	O=C(NO)C1CC12CC(c1ccc(OCc3cc(-c4cccnc4)nc4ccccc34)cc1)NC2=O
CHEMBL203160	Cc1cc(COc2ccc(N3C(C(=O)NO)CCCS3(=O)=O)cc2)c2ccccc2n1
CHEMBL89755	CC(C)CC1C(=O)NC(C(=O)Nc2ccccc2)CCCCNC(=O)OCCCC1C(=O)NO
CHEMBL371199	CCCCCC[NH+]1CCN(C2(c3ccc(OCc4cc(C)nc5ccccc45)cc3)C(=O)NC(=O)NC2=O)CC1
CHEMBL371199	CCCCCC[NH+]1CCN(C2(c3ccc(OCc4cc(C)nc5ccccc45)cc3)C(=O)N=C([O-])NC2=O)CC1
CHEMBL371199	CCCCCCN1CCN(C2(c3ccc(OCc4cc(C)nc5ccccc45)cc3)C(=O)NC(=O)NC2=O)CC1
CHEMBL371199	CCCCCC[NH+]1CCN(C2(c3ccc(OCc4cc(C)nc5ccccc45)cc3)C(=O)NC(=O)N=C2[O-])CC1
CHEMBL270063	COC(=O)C1(c2cccc(OCC3CCCCC3)c2)CC1C(=O)NO
CHEMBL185375	CC#CCOc1ccc(S(=O)(=O)N2Cc3ccccc3N(C(=O)c3cnccn3)CC2C(=O)NO)cc1
CHEMBL100280	COc1ccc(S(=O)(=O)N(C)c2c(CN3CCOCC3)cccc2C(=O)NO)cc1
CHEMBL100280	COc1ccc(S(=O)(=O)N(C)c2c(CN3CCOCC3)cccc2C(=O)N[O-])cc1
CHEMBL402030	Cc1ccc2oc(=O)c(CC(Cc3ccccc3)C(=O)NO)cc2c1
CHEMBL359969	CC#CCOc1ccc(S(=O)(=O)N2Cc3ccc(CN4CC[NH2+]CC4)cc3N(C(C)=O)CC2C(=O)NO)cc1
CHEMBL1222653	COc1ccc2c(c1)C(=O)N(CC1(c3ccc(Oc4ccc5cnccc5c4)cc3)NC(=O)NC1=O)C2
CHEMBL1222653	COc1ccc2c(c1)C(=O)N(CC1(c3ccc(Oc4ccc5cnccc5c4)cc3)NC(=O)N=C1[O-])C2
CHEMBL255418	C#CCN1CC(NC(=O)c2ccc(Cc3c(C)[nH]c4ccccc34)cc2)C(C(=O)NO)C1
CHEMBL89426	CC(C)CC1C(=O)NC(C(=O)Nc2ccccn2)CCCCN(C)C(=O)OCCCC1C(=O)NO
CHEMBL147956	CNC(=O)C(NC(=O)C(CC(C)C)C(OCCc1ccc2sc(C)nc2c1)C(=O)NO)C(C)(C)C
CHEMBL71436	Cc1cc(Br)cc(C(=O)NO)c1N(C)S(=O)(=O)c1ccc(-c2ccc(OCc3ccsc3)cc2)cc1
CHEMBL71436	Cc1cc(Br)cc(C(=O)N[O-])c1N(C)S(=O)(=O)c1ccc(-c2ccc(OCc3ccsc3)cc2)cc1
CHEMBL144320	CC(C(=O)NO)N1CCC(C)(c2ccc(OCc3cc(C(F)(F)F)cc(C(F)(F)F)c3)cc2)C1=O
CHEMBL137646	Cc1cc(COc2ccc(NC(=O)C3C[NH2+]CCC3C(=O)NO)cc2)c2ccccc2n1
CHEMBL1222654	COc1ccc2c(c1)C(=O)N(CC1(c3ccc(N4CCOCC4)cc3)NC(=O)NC1=O)C2
CHEMBL1222654	COc1ccc2c(c1)C(=O)N(CC1(c3ccc(N4CCOCC4)cc3)NC(=O)N=C1[O-])C2
CHEMBL95693	CC#CCOc1ccc(S(=O)(=O)N2Cc3ccccc3N(C(=O)c3ccccc3)CC2C(=O)NO)cc1
CHEMBL418737	Cc1cc(Br)cc(C(=O)NO)c1N(C)S(=O)(=O)c1ccc(OCC#Cc2ccccc2)cc1
CHEMBL418737	Cc1cc(Br)cc(C(=O)N[O-])c1N(C)S(=O)(=O)c1ccc(OCC#Cc2ccccc2)cc1
CHEMBL31315	O=C(NO)C1CCC(O)CN1S(=O)(=O)c1ccc(OCc2cccc3ccccc23)cc1
CHEMBL421699	COc1ccc(S(=O)(=O)N(Cc2ccccc2)c2c(C(=O)N[O-])cc(OC)nc2OC)cc1
CHEMBL421699	COc1ccc(S(=O)(=O)N(Cc2ccccc2)c2c(C(=O)NO)cc(OC)nc2OC)cc1
CHEMBL1084412	Cc1cc(COc2ccc3c(c2)CN(CC2(c4ccc(F)cc4)NC(=O)NC2=O)C3=O)c2ccccc2n1
CHEMBL1084412	Cc1cc(COc2ccc3c(c2)CN(CC2(c4ccc(F)cc4)NC(=O)N=C2[O-])C3=O)c2ccccc2n1
CHEMBL319808	COc1ccc(S(=O)(=O)N2Cc3ccccc3N(C(=O)CN3CC[NH+](C)CC3)CC2C(=O)NO)cc1
CHEMBL36309	CC#CCOc1ccc(S(=O)(=O)N(C)c2c(C(=O)N[O-])cnc3onc(C)c23)cc1
CHEMBL36309	CC#CCOc1ccc(S(=O)(=O)N(C)c2c(C(=O)NO)cnc3onc(C)c23)cc1
CHEMBL253276	O=C(NC1COCC1C(=O)NO)c1ccc(Cn2c(C(F)(F)F)nc3ccccc32)cc1
CHEMBL253275	O=C(NC1CCOCC1C(=O)NO)c1ccc(Cn2c(C(F)(F)F)nc3ccccc32)cc1
CHEMBL133028	Cc1cc(COc2ccc(NC(=O)C3C(C(=O)NO)CCCN3Cc3nccs3)cc2)c2ccccc2n1
CHEMBL133028	Cc1cc(COc2ccc(NC(=O)C3C(C(=O)NO)CCC[NH+]3Cc3nccs3)cc2)c2ccccc2n1
CHEMBL329967	Cc1cc(COc2ccc(S(=O)(=O)CC(CC3CCC(=NO)CC3)N(O)C=O)cc2)c2ccccc2n1
CHEMBL98852	Cc1cc(COc2ccc(S(=O)(=O)CC(C=C3CCC(=O)CC3)N(O)C=O)cc2)c2ccccc2n1
CHEMBL183735	CC#CCOc1ccc(S(=O)(=O)N2Cc3cc(N4CC[NH+](C)CC4)ccc3N(C(C)=O)CC2C(=O)NO)cc1
CHEMBL79433	O=C(NO)C1(S(=O)(=O)c2ccc(Oc3ccc(Cl)cc3)cc2)CC[NH+](Cc2ccccc2)CC1
CHEMBL79433	O=C(N[O-])C1(S(=O)(=O)c2ccc(Oc3ccc(Cl)cc3)cc2)CC[NH+](Cc2ccccc2)CC1
CHEMBL79433	O=S(=O)(c1ccc(Oc2ccc(Cl)cc2)cc1)C1(/C([O-])=N/O)CC[NH+](Cc2ccccc2)CC1
CHEMBL79433	O=C(NO)C1(S(=O)(=O)c2ccc(Oc3ccc(Cl)cc3)cc2)CCN(Cc2ccccc2)CC1
CHEMBL599173	COc1cccc(N2CCN(C(=O)C(O)C(O)C(=O)NCCc3cccs3)CC2)c1
CHEMBL101413	COc1ccc(S(=O)(=O)N(C)c2c(Cn3ccnc3)cccc2C(=O)NO)cc1
CHEMBL101413	COc1ccc(S(=O)(=O)N(C)c2c(Cn3cc[nH+]c3)cccc2C(=O)NO)cc1
CHEMBL101413	COc1ccc(S(=O)(=O)N(C)c2c(Cn3ccnc3)cccc2C(=O)N[O-])cc1
CHEMBL148169	Cc1cc(COc2ccc(C3(C)CCN(C(C)C(=O)NO)C3=O)cc2)c2ccccc2n1
CHEMBL208181	CNC(=O)C(NC(=O)C(c1ccc(OC)cc1)C(CN1C(=O)N(C)C(C)(C)C1=O)C(=O)NO)C(C)(C)C
CHEMBL1087291	CC1(Cn2[nH]c3cc(OCc4ccccc4)ccc3c2=O)NC(=O)NC1=O
CHEMBL341702	O=C(NO)C1CCCCC1C(=O)Nc1ccc(COc2cccc3ncccc23)cc1
CHEMBL365905	Cc1cc(COc2ccc(S(=O)(=O)CC3(CC(=O)NO)CCCCC3)cc2)c2ccccc2n1
CHEMBL271450	O=C(NC1CCOCC1C(=O)NO)c1ccc(Cc2c(C3CC3)nc3ccccn23)cc1
CHEMBL271450	O=C(NC1CCOCC1C(=O)NO)c1ccc(Cc2c(C3CC3)[nH+]c3ccccn23)cc1
CHEMBL388124	Cc1cc(COc2ccc(S(=O)(=O)NCC3(C)NC(=O)NC3=O)cc2)c2ccccc2n1
CHEMBL229072	Cc1cc(COc2ccc(C(=O)Nc3ccccc3C3NC(=O)NC3=O)cc2)c2ccccc2n1
CHEMBL403778	Cc1nc2ccccn2c1Cc1ccc(C(=O)NC2CCOCC2C(=O)NO)cc1
CHEMBL403778	Cc1[nH+]c2ccccn2c1Cc1ccc(C(=O)NC2CCOCC2C(=O)NO)cc1
CHEMBL389691	Cc1cc(COc2ccc(C(=O)NC3CN(C(=O)OC(C)(C)C)CC3c3n[nH]c(=O)[nH]3)cc2)c2ccccc2n1
CHEMBL228268	Cc1cc(COc2ccc(S(=O)(=O)NCc3n[nH]c(=O)[nH]3)cc2)c2ccccc2n1
CHEMBL269835	COC(=O)C1(c2cccc(Oc3ccc4ccccc4c3)c2)CC1C(=O)NO
CHEMBL392294	CC#CCOc1ccc(S(=O)(=O)CC2(C(=O)NO)CCN(S(=O)(=O)Cc3ccncc3)CC2)cc1
CHEMBL1089727	COc1ccc2c(c1)C(=O)N(CC1(c3cnn(C)c3)NC(=O)NC1=O)C2
CHEMBL1089727	COc1ccc2c(c1)C(=O)N(CC1(c3cnn(C)c3)NC(=O)N=C1[O-])C2
CHEMBL133259	Cc1cc(COc2ccc(NC(=O)C3C[NH+](CC4CC4)CCC3C(=O)NO)cc2)c2ccccc2n1
CHEMBL1092505	COc1ccc2c(c1)C(=O)N(CC1(c3ccco3)NC(=O)NC1=O)C2
CHEMBL258055	Cc1oc2ccccc2c1Cc1ccc(C(=O)NC2CCOCC2C(=O)NO)cc1
CHEMBL402636	Cc1oc2ccccc2c1Cc1ccc(C(=O)NC2C[NH2+]CC2C(=O)NO)cc1
CHEMBL353536	CCOCCOc1ccc(P(=O)(OCC)N2Cc3ccccc3CC2C(=O)NO)cc1
CHEMBL222282	CC#CCOc1ccc(S(=O)(=O)C(C(=O)NO)C2CCCCC2)cc1
CHEMBL210133	CC#CCOc1ccc(S(=O)(=O)CC2(C(=O)NO)CCN(S(=O)(=O)Cc3ccccc3)CC2)cc1
CHEMBL222992	CC#CCOc1ccc(SC(C(=O)NO)C2CCCCC2)cc1
CHEMBL592052	O=C(NCc1nc(Cc2ccccc2)cs1)C(O)C(O)C(=O)N1CCCC1c1ccccc1
CHEMBL1223004	COc1ccc2c(c1)C(=O)N(CC1(c3ccc(-c4cnccn4)cc3)NC(=O)NC1=O)C2
CHEMBL1223004	COc1ccc2c(c1)C(=O)N(CC1(c3ccc(-c4cnccn4)cc3)NC(=O)N=C1[O-])C2
CHEMBL375013	CC#CCOc1ccc(S(=O)(=O)C(C(=O)NO)C2CCOCC2)cc1
CHEMBL54663	COc1cc(CNc2ccc3c(c2)NCCN(C(CC(C)C)C(=O)NO)S3(=O)=O)cc(OC)c1
CHEMBL312770	COc1ccc(S(=O)(=O)C2(C(=O)NO)CC[NH+](CCCc3ccccc3)CC2)cc1
CHEMBL312770	COc1ccc(S(=O)(=O)C2(C(=O)N[O-])CC[NH+](CCCc3ccccc3)CC2)cc1
CHEMBL312770	COc1ccc(S(=O)(=O)C2(/C([O-])=N/O)CC[NH+](CCCc3ccccc3)CC2)cc1
CHEMBL312770	COc1ccc(S(=O)(=O)C2(C(=O)NO)CCN(CCCc3ccccc3)CC2)cc1
CHEMBL366257	CC#CCOc1ccc(S(=O)(=O)N2Cc3ccccc3N(C(=O)c3ccco3)CC2C(=O)NO)cc1
CHEMBL60373	COC(=O)NC(C(=O)NO)C1CCN(c2ccc(OCc3cc(C)nc4ccccc34)cc2)C1=O
CHEMBL330723	CC(C)CC1C(=O)NC(C(=O)NCC(=O)Nc2ccccn2)CCCCN(C)C(=O)OCCCC1C(=O)NO
CHEMBL76974	COC(=O)c1cccc(C(=O)NO)c1N(Cc1cccnc1)S(=O)(=O)c1ccc(OC)cc1
CHEMBL76974	COC(=O)c1cccc(C(=O)N[O-])c1N(Cc1cccnc1)S(=O)(=O)c1ccc(OC)cc1
CHEMBL148373	CNC(=O)C(NC(=O)C(CC(C)C)C(OCc1cccc2ccccc12)C(=O)NO)C(C)(C)C
CHEMBL524281	CC#CCOc1ccc(S(=O)(=O)C2(C(=O)NO)CCN(C(C)=O)CC2)cc1
CHEMBL35433	COc1ccc(S(=O)(=O)N(Cc2cccnc2)c2c(C(=O)NO)cnc3c(Cc4ccccc4)cccc23)cc1
CHEMBL35433	COc1ccc(S(=O)(=O)N(Cc2cccnc2)c2c(C(=O)N[O-])cnc3c(Cc4ccccc4)cccc23)cc1
CHEMBL498032	CC(=O)N1CCC(C(=O)NO)(S(=O)(=O)c2ccc(OCc3cc(C)nc4ccccc34)cc2)CC1
CHEMBL111460	Cc1ccc(S(=O)(=O)N2CCN(S(=O)(=O)c3ccc(OCc4ccccc4C)cc3)C(C(=O)NO)C2C)cc1
CHEMBL91990	CC(C)CC1C(=O)NC(C(=O)NCC(=O)N2CCCC2)CCCCN(C)C(=O)OCCCC1C(=O)NO
CHEMBL29976	CNC(=O)C(NC(=O)C(CC(C)C)C(C(=O)NO)C1CCCC1)C(C)(C)C
CHEMBL1222721	O=C1NC(=O)C(CN2Cc3ccc(F)cc3C2=O)(c2ccccc2Oc2ccccc2)N1
CHEMBL1222721	O=C1N=C([O-])C(CN2Cc3ccc(F)cc3C2=O)(c2ccccc2Oc2ccccc2)N1
CHEMBL1222722	O=C1NC(=O)C(CN2Cc3ccc(F)cc3C2=O)(c2cccc(Oc3ccccc3)c2)N1
CHEMBL1222722	O=C1N=C([O-])C(CN2Cc3ccc(F)cc3C2=O)(c2cccc(Oc3ccccc3)c2)N1
CHEMBL1222723	COc1ccc2c(c1)C(=O)N(CC1(c3ccc(-c4ccc(Cl)cc4)cc3)NC(=O)NC1=O)C2
CHEMBL1222723	COc1ccc2c(c1)C(=O)N(CC1(c3ccc(-c4ccc(Cl)cc4)cc3)NC(=O)N=C1[O-])C2
CHEMBL245382	Cc1cc(COc2ccc(NC(=O)C3CCCCCC34NC(=O)NC4=O)cc2)c2ccccc2n1
CHEMBL312429	COc1ccc(S(=O)(=O)C2(C(=O)NO)CC[NH+](Cc3ccc4ccccc4c3)CC2)cc1
CHEMBL312429	COc1ccc(S(=O)(=O)C2(C(=O)N[O-])CC[NH+](Cc3ccc4ccccc4c3)CC2)cc1
CHEMBL312429	COc1ccc(S(=O)(=O)C2(/C([O-])=N/O)CC[NH+](Cc3ccc4ccccc4c3)CC2)cc1
CHEMBL312429	COc1ccc(S(=O)(=O)C2(C(=O)NO)CCN(Cc3ccc4ccccc4c3)CC2)cc1
CHEMBL245383	Cc1cc(COc2ccc(C(=O)NC3CCCCC34NC(=O)NC4=O)cc2)c2ccccc2n1
CHEMBL246577	Cc1cc(COc2ccc(NC(=O)CC3CCCCC34NC(=O)NC4=O)cc2)c2ccccc2n1
CHEMBL221770	CC#CCOc1ccc(S(=O)C(C(=O)NO)c2ccc(OC)cc2)cc1
CHEMBL204495	Cc1cc(COc2ccc(CN3C(C(=O)NO)CCS3(=O)=O)cc2)c2ccccc2n1
CHEMBL148395	CNC(=O)C(NC(=O)C(CC(C)C)C(OCc1cccc2nccnc12)C(=O)NO)C(C)(C)C
CHEMBL245581	Cc1cc(COc2ccc(C(=O)NC3CN(C(=O)OC(C)(C)C)CC34NC(=O)NC4=O)cc2)c2ccccc2n1
CHEMBL245581	Cc1cc(COc2ccc(C(=O)NC3CN(C(=O)OC(C)(C)C)CC34NC(=O)N=C4[O-])cc2)c2ccccc2n1
CHEMBL245384	Cc1cc(COc2ccc(C(=O)NC3CCCCCC34NC(=O)NC4=O)cc2)c2ccccc2n1
CHEMBL173754	COc1ccc(P(=O)(OCCc2ccc(-c3ccccc3)cc2)N2Cc3ccccc3CC2C(=O)NO)cc1
CHEMBL189591	Cc1cc(COc2ccc(C3(N4CCOCC4)C(=O)NC(=O)N=C3[O-])cc2)c2ccccc2n1
CHEMBL189591	Cc1cc(COc2ccc(C3(N4CCOCC4)C(=O)N=C([O-])NC3=O)cc2)c2ccccc2n1
CHEMBL189591	Cc1cc(COc2ccc(C3(N4CCOCC4)C(=O)NC(=O)NC3=O)cc2)c2ccccc2n1
CHEMBL1090647	CC(=O)NCCC(NS(=O)(=O)c1ccc(-c2ccccc2)cc1)C(=O)NO
CHEMBL372659	Cc1cc(COc2ccc(C3(N4CCCCC4)C(=O)NC(=O)NC3=O)cc2)c2ccccc2n1
CHEMBL372659	Cc1cc(COc2ccc(C3(N4CCCCC4)C(=O)N=C([O-])NC3=O)cc2)c2ccccc2n1
CHEMBL372659	Cc1cc(COc2ccc(C3(N4CCCCC4)C(=O)NC(=O)N=C3[O-])cc2)c2ccccc2n1
CHEMBL431226	Cc1cc(COc2ccc(S(=O)(=O)CC(C3CCC4(CC3)OCCO4)N(O)C=O)cc2)c2ccccc2n1
CHEMBL373438	CC#CCOc1ccc(SC(C(=O)NO)c2ccc(OC)cc2)cc1
CHEMBL89947	CC(C)CC1C(=O)NC(C(=O)NCc2ccccc2)CCCCNC(=O)OCCCC1C(=O)NO
CHEMBL144857	CNC(=O)C(NC(=O)C(CC(C)C)C(C(=O)NO)[NH+]1CCCC1)C(C)(C)C
CHEMBL144857	CNC(=O)C(NC(=O)C(CC(C)C)C(C(=O)N[O-])[NH+]1CCCC1)C(C)(C)C
CHEMBL328199	C=C1CCC(C(CS(=O)(=O)c2ccc(OCc3cc(C)nc4ccccc34)cc2)N(O)C=O)CC1
CHEMBL272512	CCc1[nH]c2ccccc2c1Cc1ccc(C(=O)NC2CCOCC2C(=O)NO)cc1
CHEMBL173027	COc1ccc(P(=O)(OCCc2ccccn2)N2Cc3ccccc3CC2C(=O)NO)cc1
CHEMBL184119	CC#CCOc1ccc(S(=O)(=O)N2Cc3cc(OCCc4ccccc4)ccc3N(C(C)=O)CC2C(=O)NO)cc1
CHEMBL214287	CC#CCOc1ccc(S(=O)(=O)CC2(C(=O)NO)CCN(S(=O)(=O)c3ccccc3)CC2)cc1
CHEMBL80798	COc1ccc(S(=O)(=O)C2(C(=O)NO)CC[NH+](Cc3ccc(-c4ccccn4)cc3)CC2)cc1
CHEMBL80798	COc1ccc(S(=O)(=O)C2(/C([O-])=N/O)CC[NH+](Cc3ccc(-c4ccccn4)cc3)CC2)cc1
CHEMBL80798	COc1ccc(S(=O)(=O)C2(C(=O)NO)CCN(Cc3ccc(-c4ccccn4)cc3)CC2)cc1
CHEMBL89512	CC(C)CC1C(=O)NC(C(=O)Nc2cccnc2)CCCCN(C)C(=O)OCCCC1C(=O)NO
CHEMBL252470	O=C(NC1CCCC1C(=O)NO)c1ccc(Cn2c(C3CC3)nc3ccccc32)cc1
CHEMBL206930	Cc1cc(COc2ccc(C(=O)NCC3(C(=O)NO)CCCCC3)cc2)c2ccccc2n1
CHEMBL279786	CNC(=O)C(Cc1ccccc1)NC(=O)C(CC(C)C)C(CSc1cccs1)C(=O)NO
CHEMBL98390	Cc1cc(COc2ccc(S(=O)(=O)CC(CC3CC[NH+](CC(C)C)CC3)N(O)C=O)cc2)c2ccccc2n1
CHEMBL53055	Cc1nc(COc2ccc3c(c2)NCCN(C(C(=O)NO)C(C)C)S3(=O)=O)sc1C
CHEMBL291884	Cc1cc(COc2ccc(N3CCC(C(NC(=O)OC(C)(C)C)C(=O)NO)C3=O)cc2)cc(C)n1
CHEMBL34411	COc1ccc(S(=O)(=O)N(Cc2ccccc2)c2c(C(=O)N[O-])cnc3c(C(F)(F)F)cccc23)cc1
CHEMBL34411	COc1ccc(S(=O)(=O)N(Cc2ccccc2)c2c(C(=O)NO)cnc3c(C(F)(F)F)cccc23)cc1
CHEMBL251866	CSc1nc2ccccc2n1Cc1ccc(C2(N)CCN(C(CC(C)C)C(=O)NO)C2=O)cc1
CHEMBL251866	CSc1nc2ccccc2n1Cc1ccc(C2([NH3+])CCN(C(CC(C)C)C(=O)NO)C2=O)cc1
CHEMBL463395	CC#CCOc1ccc(S(=O)(=O)NC(Cc2c[nH]c3ccc(OCc4ccccc4)cc23)C(=O)[O-])cc1
CHEMBL272263	COC(=O)C1(c2cccc(Oc3ccc(C)cc3)c2)CC1C(=O)NO
CHEMBL110994	Cc1ccccc1COc1ccc(S(=O)(=O)N2CCN(C(=O)Nc3ccccc3)C(C)C2C(=O)NO)cc1
CHEMBL147149	CNC(=O)C(NC(=O)C(CC(C)C)C(Sc1ccc2c(c1)CCC(=O)N2C)C(=O)NO)C(C)(C)C
CHEMBL491287	C=CCONC(=O)C1C(C)N(C(C)=O)CCN1S(=O)(=O)c1ccc(OCc2ccc(C)cc2)cc1
CHEMBL491287	C=CCO/N=C(\[O-])C1C(C)N(C(C)=O)CCN1S(=O)(=O)c1ccc(OCc2ccc(C)cc2)cc1
CHEMBL491287	C=CCO/N=C(/[O-])C1C(C)N(C(C)=O)CCN1S(=O)(=O)c1ccc(OCc2ccc(C)cc2)cc1
CHEMBL212469	CC#CCOc1ccc(S(=O)(=O)CC2(C(=O)NO)CCN(C(=O)C3CCCCC3)CC2)cc1
CHEMBL168193	O=C(NO)C1Cc2nccnc2CN1S(=O)(=O)c1ccc(Oc2cnccn2)cc1
CHEMBL165321	Nc1ccc2c(c1)CN(S(=O)(=O)c1ccc(Oc3ccccc3)cc1)C(C(=O)NO)C2
CHEMBL71686	Cc1cc(C)c(N(C)S(=O)(=O)c2ccc(Sc3ccccc3)cc2)c(C(=O)NO)c1
CHEMBL71686	Cc1cc(C)c(N(C)S(=O)(=O)c2ccc(Sc3ccccc3)cc2)c(C(=O)N[O-])c1
CHEMBL96636	CC#CCOc1ccc(S(=O)(=O)NC(C(=O)NO)c2ccc(OCC[NH2+]C)cc2)cc1
CHEMBL144049	CC(C(=O)NO)N1CCC(C)(c2ccc(Oc3ccccc3)cc2)C1=O
CHEMBL173686	CCOP(=O)(c1ccc(Oc2ccncc2)cc1)N1Cc2ccccc2CC1C(=O)NO
CHEMBL173686	CCOP(=O)(c1ccc(Oc2cc[nH+]cc2)cc1)N1Cc2ccccc2CC1C(=O)NO
CHEMBL468888	O=C(NO)C1CC12CC(c1ccc(OCc3cc(-c4ccncc4)nc4ccccc34)cc1)NC2=O
CHEMBL34418	COc1ccc(S(=O)(=O)N(Cc2cccnc2)c2c(C(=O)N[O-])cnc3onc(C)c23)cc1
CHEMBL34418	COc1ccc(S(=O)(=O)N(Cc2cccnc2)c2c(C(=O)NO)cnc3onc(C)c23)cc1
CHEMBL439983	CNC(=O)C(NC(=O)C(CC(C)C)C(NCc1cccc2cccnc12)C(=O)NO)C(C)(C)C
CHEMBL369302	CC#CCOc1ccc(S(=O)(=O)N2CCN(C(=O)c3ccccc3)CCC2C(=O)NO)cc1
CHEMBL137065	Cc1cc(COc2ccc(NC(=O)C3CCN(S(=O)(=O)c4cn(C)cn4)CC3C(=O)NO)cc2)c2ccccc2n1
CHEMBL395878	Cc1cc(COc2ccc(C(=O)NCC3(C4CCN(C(=O)C(C)(C)C)CC4)C(=O)NC(=O)NC3=O)cc2)c2ccccc2n1
CHEMBL395878	Cc1cc(COc2ccc(C(=O)NCC3(C4CCN(C(=O)C(C)(C)C)CC4)C(=O)NC(=O)N=C3[O-])cc2)c2ccccc2n1
CHEMBL395878	Cc1cc(COc2ccc(C(=O)NCC3(C4CCN(C(=O)C(C)(C)C)CC4)C(=O)N=C([O-])NC3=O)cc2)c2ccccc2n1
CHEMBL1222866	COc1ccc2c(c1)C(=O)N(CC1(c3ccc(-c4ccccn4)cc3)NC(=O)NC1=O)C2
CHEMBL1222866	COc1ccc2c(c1)C(=O)N(CC1(c3ccc(-c4ccccn4)cc3)NC(=O)N=C1[O-])C2
CHEMBL1222867	COc1ccc2c(c1)C(=O)N(CC1(c3ccc(-c4cccnc4)cc3)NC(=O)NC1=O)C2
CHEMBL1222867	COc1ccc2c(c1)C(=O)N(CC1(c3ccc(-c4cccnc4)cc3)NC(=O)N=C1[O-])C2
CHEMBL228318	Cc1cc(COc2ccc(C(=O)Nc3ccccc3Cc3n[nH]c(=O)[nH]3)cc2)c2ccccc2n1
CHEMBL228320	Cc1cc(COc2ccc(C(=O)Nc3ccccc3C(=O)c3c[nH]c(=O)[nH]3)cc2)c2ccccc2n1
CHEMBL1223076	COc1ccc2c(c1)C(=O)N(CC1(c3ccc(C4(C)NC(=O)NC4=O)cc3)NC(=O)NC1=O)C2
CHEMBL1223076	COc1ccc2c(c1)C(=O)N(CC1(c3ccc(C4(C)NC(=O)NC4=O)cc3)NC(=O)N=C1[O-])C2
CHEMBL1223075	COc1ccc2c(c1)C(=O)N(CC1(c3ccc(-c4ccnc(C)c4)cc3)NC(=O)NC1=O)C2
CHEMBL1223075	COc1ccc2c(c1)C(=O)N(CC1(c3ccc(-c4ccnc(C)c4)cc3)NC(=O)N=C1[O-])C2
CHEMBL135766	O=C(NO)C1CN(C(=O)C2CC2)CCC1C(=O)Nc1ccc(COc2cc[nH+]c3ccccc23)cc1
CHEMBL173316	CCOP(=O)(c1ccc(OC)cc1)N1Cc2ccsc2CC1C(=O)NO
CHEMBL254307	Cc1cc(COc2ccc(C(=O)NC3CCC3C(=O)NO)cc2)c2ccccc2n1
CHEMBL180891	CC#CCOc1ccc(S(=O)(=O)N2CCCN(C(C)=O)CC2C(=O)NO)cc1
CHEMBL402992	Cc1cc(COc2ccc(C(=O)NC3C[NH2+]CCC3C(=O)NO)cc2)c2ccccc2n1
CHEMBL75094	CC1(C)SCCN(S(=O)(=O)c2ccc(Oc3ccncc3)cc2)C1C(=O)NO
CHEMBL75094	CC1(C)SCCN(S(=O)(=O)c2ccc(Oc3cc[nH+]cc3)cc2)C1C(=O)NO
CHEMBL43087	CC#CCOc1ccc(S(=O)(=O)N2CC(O)C(O)C(O)C2C(=O)NO)cc1
CHEMBL474140	CC#CCOc1ccc(S(=O)(=O)N(C)c2c(N3CC[NH+](C)CC3)ccc(Br)c2C(=O)NO)cc1
CHEMBL474140	CC#CCOc1ccc(S(=O)(=O)N(C)c2c(N3CC[NH+](C)CC3)ccc(Br)c2C(=O)N[O-])cc1
CHEMBL177072	CCOP(=O)(c1ccc(OC)cc1)N1Cc2nccnc2CC1C(=O)NO
CHEMBL184782	Cc1cc(COc2ccc(S(=O)(=O)CC3(CC(=O)NO)CC[NH2+]C3)cc2)c2ccccc2n1
CHEMBL234604	O=C(NC1CCOCC1C(=O)NO)c1ccc(Cc2c3c([nH+]c4ccccc24)CCC3)cc1
CHEMBL234604	O=C(NC1CCOCC1C(=O)NO)c1ccc(Cc2c3c(nc4ccccc24)CCC3)cc1
CHEMBL192204	CC(=O)c1ccc(N2CCN(C3(c4ccc(OCc5cc(C)nc6ccccc56)cc4)C(=O)NC(=O)NC3=O)CC2)cc1
CHEMBL192204	CC(=O)c1ccc(N2CCN(C3(c4ccc(OCc5cc(C)nc6ccccc56)cc4)C(=O)N=C([O-])NC3=O)CC2)cc1
CHEMBL192204	CC(=O)c1ccc(N2CCN(C3(c4ccc(OCc5cc(C)nc6ccccc56)cc4)C(=O)NC(=O)N=C3[O-])CC2)cc1
CHEMBL361376	Cc1cc(COc2ccc(S(=O)(=O)CC3(CC(=O)NO)COC3)cc2)c2ccccc2n1
CHEMBL401455	CC(C)c1cc(Cc2ccc(C(=O)NC3CCOCC3C(=O)NO)cc2)c2ccccc2n1
CHEMBL401455	CC(C)c1cc(Cc2ccc(C(=O)NC3CCOCC3C(=O)NO)cc2)c2ccccc2[nH+]1
CHEMBL234226	O=C(NC1CCOCC1C(=O)NO)c1ccc(Cc2cc(N3CCOCC3)[nH+]c3ccccc23)cc1
CHEMBL234416	O=C(NC1CCOCC1C(=O)NO)c1ccc(Cc2cc(C3CC3)nc3ccccc23)cc1
CHEMBL234416	O=C(NC1CCOCC1C(=O)NO)c1ccc(Cc2cc(C3CC3)[nH+]c3ccccc23)cc1
CHEMBL86542	CC(C)CC1C(=O)NC(C(=O)NCCC(=O)N2CCOCC2)CCCCNC(=O)OCCCC1C(=O)NO
CHEMBL311436	O=C(NO)C1(S(=O)(=O)c2ccc(-c3ccco3)cc2)CC[NH+](Cc2ccccc2)CC1
CHEMBL311436	O=S(=O)(c1ccc(-c2ccco2)cc1)C1(/C([O-])=N/O)CC[NH+](Cc2ccccc2)CC1
CHEMBL311436	O=C(N[O-])C1(S(=O)(=O)c2ccc(-c3ccco3)cc2)CC[NH+](Cc2ccccc2)CC1
CHEMBL311436	O=C(NO)C1(S(=O)(=O)c2ccc(-c3ccco3)cc2)CCN(Cc2ccccc2)CC1
CHEMBL328479	CC(C)CC1C(=O)NC(C(=O)NCc2ccccn2)CCCCNC(=O)OCCCC1C(=O)NO
CHEMBL89179	CC(C)CC1C(=O)NC(C(=O)NCc2cccnc2)CCCCNC(=O)OCCCC1C(=O)NO
CHEMBL203972	Cc1cc(COc2ccc(CC3C(C(=O)NO)CCS3(=O)=O)cc2)c2ccccc2n1
CHEMBL60536	O=C(NO)C1C(O)C(O)C(O)CN1S(=O)(=O)c1ccc(-c2ccccc2)cc1
CHEMBL183924	CC#CCOc1ccc(S(=O)(=O)N2Cc3ccc(CO)cc3N(C(C)=O)CC2C(=O)NO)cc1
CHEMBL301303	CC(C(=O)NO)N1CCNc2cc(Oc3ccc([N+](=O)[O-])cc3)ccc2S1(=O)=O
CHEMBL80361	COc1ccc(S(=O)(=O)C(C)(CC2CCCCC2)C(=O)NO)cc1
CHEMBL342870	Cc1cc(COc2ccc(NC(=O)C3CCN(C(=O)C4CC4)CC3C(=O)NO)cc2)c2ccccc2n1
CHEMBL91636	CC(C)CC1C(=O)NC(C(=O)NCC(=O)N2CCOCC2)CCCCNC(=O)OCCCC1C(=O)NO
CHEMBL137365	Cc1cc(COc2ccc(NC(=O)C3CCN(C(=O)OC4CC4)CC3C(=O)NO)cc2)c2ccccc2n1
CHEMBL71227	Cc1cc(Br)cc(C(=O)NO)c1N(C)S(=O)(=O)c1ccc(-c2ccc(OCc3nccs3)cc2)cc1
CHEMBL71227	Cc1cc(Br)cc(C(=O)N[O-])c1N(C)S(=O)(=O)c1ccc(-c2ccc(OCc3nccs3)cc2)cc1
CHEMBL19611	CNC(=O)C(Cc1c[nH]c2ccccc12)NC(=O)C(CC(=O)NO)CC(C)C
CHEMBL343721	O=C(NO)C1CCCC1C(=O)Nc1ccc(COc2cc[nH+]c3ccccc23)cc1
CHEMBL144293	CNC(=O)C(NC(=O)C(CC(C)C)C(NS(=O)(=O)c1cccc2cnccc12)C(=O)NO)C(C)(C)C
CHEMBL334468	O=C(NO)C1CCCC1C(=O)Nc1ccc(OCc2cc(Cl)cc(Cl)c2)cc1
CHEMBL288670	COc1ccc(S(=O)(=O)N(Cc2cccnc2)c2c(C(=O)NO)cnc3c2c(C)nn3C)cc1
CHEMBL288670	COc1ccc(S(=O)(=O)N(Cc2cccnc2)c2c(C(=O)N[O-])cnc3c2c(C)nn3C)cc1
CHEMBL288671	CC#CCOc1ccc(S(=O)(=O)N(C)c2c(C(=O)NO)cnc3c(OC)cccc23)cc1
CHEMBL288671	CC#CCOc1ccc(S(=O)(=O)N(C)c2c(C(=O)N[O-])cnc3c(OC)cccc23)cc1
CHEMBL248523	O=C(NCCCc1nnc([S-])[nH]1)c1ccc(OCc2ccnc3ccccc23)cc1
CHEMBL138594	Cc1cc(COc2ccc(NC(=O)C3CC[NH+](C4CCC4)CC3C(=O)NO)cc2)c2ccccc2n1
CHEMBL88520	CNC(=O)CNC(=O)C1Cc2ccc(cc2)OCCCC(C(=O)NO)C(CC(C)C)C(=O)N1
CHEMBL430664	COc1ccc(S(=O)(=O)N2Cc3ccccc3N(C(=O)c3ccc(-c4ccccc4)cc3)CC2C(=O)NO)cc1
CHEMBL115653	CN1C(=O)N(CC(C(=O)NO)C(CC2CCCC2)C(=O)N2CCCCC2)C(=O)C1(C)C
CHEMBL524533	Cc1cc(COc2ccc(S(=O)(=O)C3(C(=O)NO)CCN(Cc4ccncc4)CC3)cc2)c2ccccc2n1
CHEMBL524533	Cc1cc(COc2ccc(S(=O)(=O)C3(C(=O)NO)CC[NH+](Cc4ccncc4)CC3)cc2)c2ccccc2n1
CHEMBL98202	Cc1cc(COc2ccc(S(=O)(=O)CC(C=C3CCSCC3)N(O)C=O)cc2)c2ccccc2n1
CHEMBL1077203	O=C1NC(=O)C(CN2Cc3ccc(Cl)cc3C2=O)(c2ccc(F)cc2)N1
CHEMBL1077203	O=C1N=C([O-])C(CN2Cc3ccc(Cl)cc3C2=O)(c2ccc(F)cc2)N1
CHEMBL167421	O=C(NO)C1Cc2cc(O)c(O)cc2CN1S(=O)(=O)c1ccc(OCCCc2ccccc2)cc1
CHEMBL417144	CC#CCOc1ccc(S(=O)(=O)N(C)c2c(C(=O)N[O-])cnc3snc(C)c23)cc1
CHEMBL417144	CC#CCOc1ccc(S(=O)(=O)N(C)c2c(C(=O)NO)cnc3snc(C)c23)cc1
CHEMBL167320	O=C(NO)C1Cc2cc(O)c(O)cc2CN1S(=O)(=O)c1cccs1
CHEMBL319887	COc1ccc(S(=O)(=O)N(CC#CCN2CC[NH+](C)CC2)c2c(C)cc(Br)cc2C(=O)NO)cc1
CHEMBL319887	COc1ccc(S(=O)(=O)N(CC#CCN2CC[NH+](C)CC2)c2c(C)cc(Br)cc2C(=O)N[O-])cc1
CHEMBL144780	CNC(=O)C(NC(=O)C(CC(C)C)C(NS(=O)(=O)CCc1ccncc1)C(=O)NO)C(C)(C)C
CHEMBL70207	Cc1cc(C)c(N(Cc2ccccc2)S(=O)(=O)c2ccc(OCc3ccccc3)cc2)c(C(=O)NO)c1
CHEMBL90928	CNC(=O)C(Cc1ccc(OC)cc1)NC(=O)C1Cc2ccc(cc2)OCCCC(C(=O)NO)C(CC(C)C)C(=O)N1
CHEMBL137703	Cc1cc(COc2ccc(NC(=O)C3CCN(C(=O)C(C)C)CC3C(=O)NO)cc2)c2ccccc2n1
CHEMBL1223155	COc1ccc2c(c1)C(=O)N(CC1(c3ccc(-c4cccc(-c5csc(C)n5)c4)cc3)NC(=O)NC1=O)C2
CHEMBL1223155	COc1ccc2c(c1)C(=O)N(CC1(c3ccc(-c4cccc(-c5csc(C)n5)c4)cc3)NC(=O)N=C1[O-])C2
CHEMBL38352	COc1ccc(S(=O)(=O)N(Cc2cccnc2)c2c(C(=O)N[O-])cnc3c(Br)cccc23)cc1
CHEMBL38352	COc1ccc(S(=O)(=O)N(Cc2cccnc2)c2c(C(=O)NO)cnc3c(Br)cccc23)cc1
CHEMBL18667	CC#CCOc1ccc(S(=O)(=O)N(C)c2c(C(=O)NO)cc(Br)cc2C2CC[NH+](C)CC2)cc1
CHEMBL18667	CC#CCOc1ccc(S(=O)(=O)N(C)c2c(C(=O)N[O-])cc(Br)cc2C2CC[NH+](C)CC2)cc1
CHEMBL1090749	O=C1NC(=O)C(CN2Cc3cc(OCC4CC4)ccc3C2=O)(c2ccc(F)cc2)N1
CHEMBL1090749	O=C1N=C([O-])C(CN2Cc3cc(OCC4CC4)ccc3C2=O)(c2ccc(F)cc2)N1
CHEMBL1091095	O=C1NC(=O)C(CN2Cc3cc(OCc4ccncc4)ccc3C2=O)(c2ccc(F)cc2)N1
CHEMBL1091095	O=C1N=C([O-])C(CN2Cc3cc(OCc4ccncc4)ccc3C2=O)(c2ccc(F)cc2)N1
CHEMBL1093392	O=C1NC(=O)C(CN2Cc3cc(OCCC4CCCCC4)ccc3C2=O)(c2ccc(F)cc2)N1
CHEMBL1093392	O=C1N=C([O-])C(CN2Cc3cc(OCCC4CCCCC4)ccc3C2=O)(c2ccc(F)cc2)N1
CHEMBL355797	CCOP(=O)(c1ccc(Oc2ccccc2)cc1)N1Cc2ccccc2CC1C(=O)NO
CHEMBL205900	Cc1cc(COc2ccc(C(=O)NC3(CC(=O)NO)CCN(C4=[NH+]CCS4)CC3)cc2)c2ccccc2n1
CHEMBL300394	COc1ccc2c(c1)NCCN(C(C(=O)NO)C(C)C)S2(=O)=O
CHEMBL382705	CCC(C(=O)NO)C(C(=O)N1CCCCC1C(=O)NC)c1ccc(Cl)cc1
CHEMBL604935	O=C(NCCc1cccs1)C(O)C(O)C(=O)N1CCCC1c1ccccn1
CHEMBL599156	O=C(NCCc1cccs1)C(O)C(O)C(=O)N1CCCC1c1nccs1
CHEMBL271161	COC(=O)C1(c2cccc(OCCc3ccccc3)c2)CC1C(=O)NO
CHEMBL341380	Cc1cc(COc2ccc(NC(=O)C3[NH2+]CCCC3C(=O)NO)cc2)c2ccccc2n1
CHEMBL337512	CC(C)CC(C(=O)NC(CCCN/C(N)=N/[N+](=O)[O-])C(=O)Nc1nccs1)C(Cc1ccccc1)N(O)C=O
CHEMBL391880	CC#CCOc1ccc(S(=O)(=O)CC2(C(=O)NO)CCN(S(=O)(=O)N3CCCC3)CC2)cc1
CHEMBL231877	CC#CCOc1ccc(S(=O)(=O)CC2(C(=O)NO)CCN(S(=O)(=O)N3CCN(C(C)=O)CC3)CC2)cc1
CHEMBL231666	CC#CCOc1ccc(S(=O)(=O)CC2(C(=O)NO)CCN(S(=O)(=O)N3CCOCC3)CC2)cc1
CHEMBL231667	CC#CCOc1ccc(S(=O)(=O)CC2(C(=O)NO)CCN(S(=O)(=O)N3CCCCC3)CC2)cc1
CHEMBL391676	CC#CCOc1ccc(S(=O)(=O)CC2(C(=O)NO)CCN(S(=O)(=O)c3nc(C)sc3C)CC2)cc1
CHEMBL234776	CC#CCOc1ccc(S(=O)(=O)CC2(C(=O)NO)CCN(S(=O)(=O)c3cc(Cl)sc3Cl)CC2)cc1
CHEMBL234774	CC#CCOc1ccc(S(=O)(=O)CC2(C(=O)NO)CCN(S(=O)(=O)c3cn(C)c(C)n3)CC2)cc1
CHEMBL234775	CC#CCOc1ccc(S(=O)(=O)CC2(C(=O)NO)CCN(S(=O)(=O)c3ccc(Cl)s3)CC2)cc1
CHEMBL361809	CC#CCOc1ccc(S(=O)(=O)N2CCCN(C(=O)c3cccs3)CC2C(=O)NO)cc1
CHEMBL208841	CC#CCOc1ccc(S(=O)(=O)CC2(C(=O)NO)CCN(C(=O)CN3CCOCC3)CC2)cc1
CHEMBL318922	COc1ccc(S(=O)(=O)N(Cc2ccc(N3CC[NH+](C)CC3)cc2)c2c(C)cccc2C(=O)NO)cc1
CHEMBL318922	COc1ccc(S(=O)(=O)N(Cc2ccc(N3CC[NH+](C)CC3)cc2)c2c(C)cccc2C(=O)N[O-])cc1
CHEMBL180197	CC#CCOc1ccc(S(=O)(=O)N2CCCN(S(=O)(=O)c3ccccc3)CC2C(=O)NO)cc1
CHEMBL167453	O=C(NO)C1Cc2cc(O)c(O)cc2CN1S(=O)(=O)c1ccc(Oc2cnccn2)cc1
CHEMBL211770	CC#CCOc1ccc(S(=O)(=O)CC2(C(=O)NO)CCN(C(=O)c3cccs3)CC2)cc1
CHEMBL468777	CNc1cc(COc2ccc(CC3(C(N)=O)CC3C(=O)NO)cc2F)c2ccccc2n1
CHEMBL468777	CNc1cc(COc2ccc(CC3(C(N)=O)CC3C(=O)NO)cc2F)c2ccccc2[nH+]1
CHEMBL512117	Cn1ccc(-c2cc(COc3ccc(CC4(C(N)=O)CC4C(=O)NO)cc3F)c3ccccc3n2)n1
CHEMBL185279	Cc1cc(COc2ccc(S(=O)(=O)CC3[NH2+]CCC3C(=O)NO)cc2)c2ccccc2n1
CHEMBL185279	Cc1cc(COc2ccc(S(=O)(=O)CC3NCCC3C(=O)NO)cc2)c2ccccc2n1
CHEMBL468778	NC(=O)C1(Cc2ccc(OCc3cc(N4CCCC4)nc4ccccc34)c(F)c2)CC1C(=O)NO
CHEMBL468778	NC(=O)C1(Cc2ccc(OCc3cc(N4CCCC4)[nH+]c4ccccc34)c(F)c2)CC1C(=O)NO
CHEMBL247546	CC(=O)N1CCC(c2nnc([S-])[nH]2)C(NC(=O)c2ccc(OCc3cc(C)nc4ccccc34)cc2)C1
CHEMBL247546	CC(=O)N1CCC(c2n[nH]c(=S)[nH]2)C(NC(=O)c2ccc(OCc3cc(C)nc4ccccc34)cc2)C1
CHEMBL247348	Cc1cc(COc2ccc(C(=O)NC3CC[NH2+]CC3c3[nH]nc([S-])[nH+]3)cc2)c2ccccc2n1
CHEMBL247347	Cc1cc(COc2ccc(C(=O)NC3CCOCC3c3nnc([S-])[nH]3)cc2)c2ccccc2n1
CHEMBL247347	Cc1cc(COc2ccc(C(=O)NC3CCOCC3c3n[nH]c(=S)[nH]3)cc2)c2ccccc2n1
CHEMBL247346	CC(=O)N1CC(NC(=O)c2ccc(OCc3cc(C)nc4ccccc34)cc2)C(c2nnc([S-])[nH]2)C1
CHEMBL109326	CC(=O)N1CCN(S(=O)(=O)c2ccc(OCc3ccnc4ccccc34)cc2)C(C(=O)NO)C1C
CHEMBL100564	COC(=O)C1CCCN1Cc1cccc(C(=O)NO)c1N(C)S(=O)(=O)c1ccc(OC)cc1
CHEMBL100564	COC(=O)C1CCCN1Cc1cccc(C(=O)N[O-])c1N(C)S(=O)(=O)c1ccc(OC)cc1
CHEMBL359424	C=CCOc1ccc(C2(C)CCN(C(C)C(=O)NO)C2=O)cc1
CHEMBL292546	Cc1cc(COc2ccc(N3CCC(C(C(=O)NO)[NH+]4CCCC4)C3=O)cc2)c2ccccc2n1
CHEMBL292546	Cc1cc(COc2ccc(N3CCC(C(C(=O)N[O-])[NH+]4CCCC4)C3=O)cc2)c2ccccc2n1
CHEMBL89406	CCOC(=O)N1CCC(NC(=O)C2CCCCNC(=O)OCCCC(C(=O)NO)C(CC(C)C)C(=O)N2)CC1
CHEMBL330513	CC(C)CC1C(=O)NC(C(=O)NCCc2ccccc2O)CCCCNC(=O)OCCCC1C(=O)NO
CHEMBL144525	CNC(=O)C(NC(=O)C(CC(C)C)C(C(=O)NO)N1CCOCC1)C(C)(C)C
CHEMBL357203	CNC(=O)C(NC(=O)C(CC(C)C)C(OCc1cc2c(=O)[nH]c(C)nc2cc1Br)C(=O)NO)C(C)(C)C
CHEMBL452212	O=C(NO)C1CC1(Cc1ccc(OCc2cc(-c3ccccc3)nc3ccccc23)cc1)C(=O)NCC1CC[NH2+]CC1
CHEMBL290952	COc1ccc(S(=O)(=O)N(Cc2cccnc2)c2c(C(=O)NO)cnc3c(-c4ccccc4)cccc23)cc1
CHEMBL290952	COc1ccc(S(=O)(=O)N(Cc2cccnc2)c2c(C(=O)N[O-])cnc3c(-c4ccccc4)cccc23)cc1
CHEMBL1222652	COc1ccc2c(c1)C(=O)N(CC1(c3ccc(Oc4ccncc4)cc3)NC(=O)NC1=O)C2
CHEMBL1222652	COc1ccc2c(c1)C(=O)N(CC1(c3ccc(Oc4ccncc4)cc3)NC(=O)N=C1[O-])C2
CHEMBL252893	Cc1cc(COc2ccc(C(=O)NC3CCOCC3C(=O)NO)cc2)c2ccccc2n1
CHEMBL253088	Cc1cc(COc2ccc(C(=O)NC3COCCC3C(=O)NO)cc2)c2ccccc2n1
CHEMBL253089	CC#CCOc1ccc(S(=O)(=O)C2CCC(S)C2)cc1
CHEMBL254122	CC#CCNc1ccc(S(=O)(=O)C2CCCC(S)C2)cc1
CHEMBL454380	COc1cc(COc2ccc3c(c2)NCCN(C(CCCCNS(C)(=O)=O)C(=O)NO)S3(=O)=O)cc(OC)c1
CHEMBL330588	O=C(NO)C1CN(C(=O)c2ccccc2)c2ccccc2CN1S(=O)(=O)c1ccc(Oc2ccc(Cl)cc2)cc1
CHEMBL189975	CC1(C)CC(O)CN(S(=O)(=O)c2ccc(OCc3nccc4ccccc34)cc2)C1C(=O)NO
CHEMBL173846	COc1ccc(P(=O)(OCC2CCCCC2)N2Cc3ccccc3CC2C(=O)NO)cc1
CHEMBL439066	Cc1cc(COc2ccc(C(=O)NC3C[NH+](Cc4ccco4)CC3C(=O)NO)cc2)c2ccccc2n1
CHEMBL371781	Cc1cc(COc2ccc(C3(N4CCN(Cc5ccccc5)CC4)C(=O)NC(=O)NC3=O)cc2)c2ccccc2n1
CHEMBL371781	Cc1cc(COc2ccc(C3(N4CCN(Cc5ccccc5)CC4)C(=O)N=C([O-])NC3=O)cc2)c2ccccc2n1
CHEMBL371781	Cc1cc(COc2ccc(C3(N4CCN(Cc5ccccc5)CC4)C(=O)NC(=O)N=C3[O-])cc2)c2ccccc2n1
CHEMBL426729	CC#CCOc1ccc(S(=O)(=O)C(C(=O)NO)C2CCSCC2)cc1
CHEMBL222303	CC#CCOc1ccc(S(=O)(=O)C(C(=O)NO)C2CCS(=O)CC2)cc1
CHEMBL222309	CC#CCOc1ccc(S(=O)(=O)C(C(=O)NO)c2ccccc2)cc1
CHEMBL502796	Cc1cc(COc2ccc(S(=O)(=O)C3(C(=O)NO)CCN(C(=O)c4ccccc4)CC3)cc2)c2ccccc2n1
CHEMBL426434	Cc1cc(COc2ccc(S(=O)(=O)CC3C[NH2+]CCC3C(=O)NO)cc2)c2ccccc2n1
CHEMBL100777	COc1ccc(S(=O)(=O)N(C)c2c(CN3CC[NH+](C)CC3)cc(-c3ccc4ccccc4c3)cc2C(=O)NO)cc1
CHEMBL100777	COc1ccc(S(=O)(=O)N(C)c2c(C[NH+]3CCN(C)CC3)cc(-c3ccc4ccccc4c3)cc2C(=O)NO)cc1
CHEMBL100777	COc1ccc(S(=O)(=O)N(C)c2c(CN3CC[NH+](C)CC3)cc(-c3ccc4ccccc4c3)cc2C(=O)N[O-])cc1
CHEMBL526646	CC#CCOc1ccc(S(=O)(=O)C2(C(=O)NO)CCN(C(=O)c3ccccc3)CC2)cc1
CHEMBL291387	CCOP(=O)(NC(CCC(=O)NCCc1ccccc1)C(=O)NO)c1ccc(OC)cc1
CHEMBL314760	CC(C)CC1C(=O)NC(C(=O)NC2c3ccccc3CC2O)CCCCNC(=O)OCCCC1C(=O)NO
CHEMBL78337	C[NH+]1CCC(C(=O)NO)(S(=O)(=O)c2ccc(Oc3ccc(Cl)cc3)cc2)CC1
CHEMBL78337	C[NH+]1CCC(C(=O)N[O-])(S(=O)(=O)c2ccc(Oc3ccc(Cl)cc3)cc2)CC1
CHEMBL78337	C[NH+]1CCC(/C([O-])=N/O)(S(=O)(=O)c2ccc(Oc3ccc(Cl)cc3)cc2)CC1
CHEMBL78337	CN1CCC(C(=O)NO)(S(=O)(=O)c2ccc(Oc3ccc(Cl)cc3)cc2)CC1
CHEMBL61193	O=C(NO)C1C(O)C(O)C(O)CN1S(=O)(=O)c1ccc(Oc2ccccc2)cc1
CHEMBL99365	Cc1cc(COc2ccc(S(=O)(=O)CC(CC3CCC(=O)CC3)N(O)C=O)cc2)c2ccccc2n1
CHEMBL319902	COc1ccc(S(=O)(=O)N(C)c2c(CN3CCN(c4ccccc4)CC3)cc(Br)cc2C(=O)NO)cc1
CHEMBL319902	COc1ccc(S(=O)(=O)N(C)c2c(C[NH+]3CCN(c4ccccc4)CC3)cc(Br)cc2C(=O)N[O-])cc1
CHEMBL319902	COc1ccc(S(=O)(=O)N(C)c2c(CN3CCN(c4ccccc4)CC3)cc(Br)cc2C(=O)N[O-])cc1
CHEMBL319902	COc1ccc(S(=O)(=O)N(C)c2c(C[NH+]3CCN(c4ccccc4)CC3)cc(Br)cc2C(=O)NO)cc1
CHEMBL319782	Cc1cc(COc2ccc(S(=O)(=O)CC(C3CCC(=O)CC3)N(O)C=O)cc2)c2ccccc2n1
CHEMBL419896	Cc1cc(COc2ccc(S(=O)(=O)CC(CC3CCC4(CC3)OCCO4)N(O)C=O)cc2)c2ccccc2n1
CHEMBL95414	Cc1cc(COc2ccc(S(=O)(=O)CC(C=C3CCN(OC(=O)C(C)(C)C)CC3)N(O)C=O)cc2)c2ccccc2n1
CHEMBL436071	Cc1cncc(C)c1COc1ccc(C2(C)CCN(C(C)C(=O)NO)C2=O)cc1
CHEMBL425415	Cc1cc(COc2ccc(C(=O)NC3(CC(=O)NO)CC[NH+](Cc4ccccc4)CC3)cc2)c2ccccc2n1
CHEMBL88906	CC(C)CC1C(=O)NC(C(=O)NCC(=O)N2CCC(C(=O)[O-])CC2)CCCCNC(=O)OCCCC1C(=O)NO
CHEMBL207075	Cc1cc(COc2ccc(C(=O)NC3(CC(=O)NO)CCN(c4ccccc4)CC3)cc2)c2ccccc2n1
CHEMBL310340	CCCCOc1ccc(S(=O)(=O)C2(C(=O)NO)CCOCC2)cc1
CHEMBL286848	Cc1nn(C)c2ncc(C(=O)NO)c(N(C)S(=O)(=O)c3ccc(Oc4ccc(Cl)cc4)cc3)c12
CHEMBL286848	Cc1nn(C)c2ncc(C(=O)N[O-])c(N(C)S(=O)(=O)c3ccc(Oc4ccc(Cl)cc4)cc3)c12
CHEMBL404673	CC(C)c1nc2ccccc2n1Cc1ccc(C(=O)NC2CCCC2C(=O)NO)cc1
CHEMBL271369	COC(=O)C1(Cc2ccc(OCc3ccc(Cl)c(Cl)c3)cc2)CC1C(=O)NO
CHEMBL590343	O=C(NCCc1cccs1)C(O)C(O)C(=O)N1CCCC1c1cccc(Cl)c1
CHEMBL1222942	O=C1NC(=O)C(CN2Cc3ccc(F)cc3C2=O)(c2ccc(-c3c[nH]c(=O)c(Cl)c3)cc2)N1
CHEMBL1222942	O=C1N=C([O-])C(CN2Cc3ccc(F)cc3C2=O)(c2ccc(-c3c[nH]c(=O)c(Cl)c3)cc2)N1
CHEMBL247974	Cc1cc(COc2ccc(NC(=O)C3CCCC34NC(=O)NC4=O)cc2)c2ccccc2n1
CHEMBL1222944	COc1ccc2c(c1)C(=O)N(CC1(c3ccc(-c4nccs4)cc3)NC(=O)NC1=O)C2
CHEMBL1222944	COc1ccc2c(c1)C(=O)N(CC1(c3ccc(-c4nccs4)cc3)NC(=O)N=C1[O-])C2
CHEMBL447787	CC(C)c1nc2ccccc2n1Cc1ccc(C(=O)NC2CN(C(=O)OC(C)(C)C)CC2C(=O)NO)cc1
CHEMBL455409	C/C=C/C=C/C=C1/C=C(CCC(=O)NO)C(=O)OC1
CHEMBL495569	NC(=O)C1(Cc2ccc(OCc3cc(-c4cccnc4)nc4ccccc34)c(F)c2)CC1C(=O)NO
CHEMBL1223154	COc1ccc2c(c1)C(=O)N(CC1(c3ccc(-c4ccc(-c5cc[nH]n5)cc4)cc3)NC(=O)NC1=O)C2
CHEMBL1223154	COc1ccc2c(c1)C(=O)N(CC1(c3ccc(-c4ccc(-c5ccn[nH]5)cc4)cc3)NC(=O)NC1=O)C2
CHEMBL1223153	O=C1NC(=O)C(CN2Cc3ccc(F)cc3C2=O)(c2ccc(-c3ccc4ncccc4c3)cc2)N1
CHEMBL1223153	O=C1N=C([O-])C(CN2Cc3ccc(F)cc3C2=O)(c2ccc(-c3ccc4ncccc4c3)cc2)N1
CHEMBL289222	CC#CCOc1ccc(S(=O)(=O)N(C)c2c(C(=O)NO)cnc3c2c(C)nn3C)cc1
CHEMBL289222	CC#CCOc1ccc(S(=O)(=O)N(C)c2c(C(=O)N[O-])cnc3c2c(C)nn3C)cc1
CHEMBL1222943	COc1ccc2c(c1)C(=O)N(CC1(c3ccc(-c4cncnc4)cc3)NC(=O)NC1=O)C2
CHEMBL1222943	COc1ccc2c(c1)C(=O)N(CC1(c3ccc(-c4cncnc4)cc3)NC(=O)N=C1[O-])C2
CHEMBL256621	Cc1cc(COc2ccc(C(=O)NC3COCC3C(=O)NO)cc2)c2ccccc2n1
CHEMBL351006	O=C(NO)C1Cc2nccnc2CN1S(=O)(=O)c1ccc(Oc2ccncc2)cc1
CHEMBL351006	O=C(NO)C1Cc2nccnc2CN1S(=O)(=O)c1ccc(Oc2cc[nH+]cc2)cc1
CHEMBL399096	CC#CCOc1ccc(S(=O)(=O)CC2(C(=O)NO)CCCN(C(=O)OCC(C)C)C2)cc1
CHEMBL101864	COc1ccc(S(=O)(=O)N(C)c2c(CN3CC[NH+](C)CC3)cc(Br)cc2C(=O)NO)cc1
CHEMBL101864	COc1ccc(S(=O)(=O)N(C)c2c(CN3CC[NH+](C)CC3)cc(Br)cc2C(=O)N[O-])cc1
CHEMBL97788	O=C(NO)C1CN(C(=O)c2cccs2)c2ccccc2CN1S(=O)(=O)c1ccc(Oc2ccc(Cl)cc2)cc1
CHEMBL1223077	COc1ccc2c(c1)C(=O)N(CC1(c3ccc(-c4ccc5cn(C)nc5c4)cc3)NC(=O)NC1=O)C2
CHEMBL1223077	COc1ccc2c(c1)C(=O)N(CC1(c3ccc(-c4ccc5cn(C)nc5c4)cc3)NC(=O)N=C1[O-])C2
CHEMBL1223078	COc1ccc2c(c1)C(=O)N(CC1(c3ccc(-c4cnc5c(ccn5C)c4)cc3)NC(=O)NC1=O)C2
CHEMBL1223078	COc1ccc2c(c1)C(=O)N(CC1(c3ccc(-c4cnc5c(ccn5C)c4)cc3)NC(=O)N=C1[O-])C2
CHEMBL1087430	COc1cc2c(cn1)CN(CC1(c3ccc(F)cc3)NC(=O)NC1=O)C2=O
CHEMBL1087430	COc1cc2c(cn1)CN(CC1(c3ccc(F)cc3)NC(=O)N=C1[O-])C2=O
CHEMBL282094	O=C(NO)C1CC(O)CCN1S(=O)(=O)c1ccc(OCc2ccccc2-c2ccccc2)cc1
CHEMBL306617	CCCCOc1ccc(S(=O)(=O)C2(C(=O)NO)CCN(CCOc3ccccc3)CC2)cc1
CHEMBL306617	CCCCOc1ccc(S(=O)(=O)C2(C(=O)NO)CC[NH+](CCOc3ccccc3)CC2)cc1
CHEMBL68542	COc1ccc(S(=O)(=O)N(Cc2cccnc2)c2c(C)cc(-c3ccc4ccccc4c3)cc2C(=O)NO)cc1
CHEMBL68542	COc1ccc(S(=O)(=O)N(Cc2cccnc2)c2c(C)cc(-c3ccc4ccccc4c3)cc2C(=O)N[O-])cc1
CHEMBL398371	Cc1cc(Oc2ccc(C(=O)NC3CN(C(=O)OC(C)(C)C)CC3C(=O)NO)cc2)c2ccccc2[nH+]1
CHEMBL601735	O=C(NCc1ccc(Cc2ccccc2)cc1)C(O)C(O)C(=O)N1CCCC1c1cccc(Cl)c1
CHEMBL591590	O=C(NCc1cc(Cc2ccccc2)cs1)C(O)C(O)C(=O)N1CCCC1c1ccc(F)cc1
CHEMBL602949	O=C(NCCc1cc(Cc2ccccc2)cs1)C(O)C(O)C(=O)N1CCCC1c1ccccc1
CHEMBL387079	CC#CCOc1ccc(S(=O)(=O)CC2(C(=O)NO)CC[NH+](Cc3ccncc3)CC2)cc1
CHEMBL387079	CC#CCOc1ccc(S(=O)(=O)CC2(C(=O)NO)CCN(Cc3ccncc3)CC2)cc1
CHEMBL425251	CC#CCOc1ccc(S(=O)(=O)CC2(C(=O)NO)CCN(C(=O)N(C)c3ccccc3)CC2)cc1
CHEMBL591591	O=C(NCCc1nc(Cc2ccccc2)cs1)C(O)C(O)C(=O)N1CCCC1c1ccccc1
CHEMBL310057	COc1ccc(S(=O)(=O)C2(C(=O)NO)CC[NH+](CCc3ccccc3)CC2)cc1
CHEMBL310057	COc1ccc(S(=O)(=O)C2(C(=O)NO)CCN(CCc3ccccc3)CC2)cc1
CHEMBL392894	O=C(NC1CCOCC1C(=O)NO)c1ccc(Cc2c3c(nc4ccccc24)OCC3)cc1
CHEMBL234605	O=C(NC1CCOCC1C(=O)NO)c1ccc(Cc2c3c(nc4ccccc24)COC3)cc1
CHEMBL181328	CC#CCOc1ccc(S(=O)(=O)N2CCS(=O)(=O)CCC2C(=O)NO)cc1
CHEMBL336900	O=C(NO)C1CCCC1C(=O)Nc1ccc(Cc2ccncc2)cc1
CHEMBL137406	O=C(NO)C1CCCCC1C(=O)Nc1ccc(OCc2ccccc2)cc1
CHEMBL185397	Cc1cc(COc2ccc(S(=O)(=O)CC3(CC(=O)NO)CCOCC3)cc2)c2ccccc2n1
CHEMBL233852	CC#CCNc1ccc(S(=O)(=O)N2CC(S)C2)cc1
CHEMBL393863	Cc1cc(COc2ccc(NC(=O)CCC3NC(=O)NC3=O)cc2)c2ccccc2n1
CHEMBL234270	CC#CCNc1ccc(S(=O)(=O)N2CCC(S)C2)cc1
CHEMBL189107	Cc1cnsc1COc1ccc(S(=O)(=O)N2CC(O)CC(C)(C)C2C(=O)NO)cc1
CHEMBL271354	CC#CCOc1ccc(CC2(C(N)=O)CC2C(=O)NO)cc1
CHEMBL193316	Cc1cc(COc2ccc(C3(C)C(=O)NC(=O)NC3=O)cc2)c2ccccc2n1
CHEMBL193316	Cc1cc(COc2ccc(C3(C)C(=O)N=C([O-])NC3=O)cc2)c2ccccc2n1
CHEMBL193316	Cc1cc(COc2ccc(C3(C)C(=O)NC(=O)N=C3[O-])cc2)c2ccccc2n1
CHEMBL88656	COc1ccc2c(CCNC(=O)C3CCCCNC(=O)OCCCC(C(=O)NO)C(CC(C)C)C(=O)N3)c[nH]c2c1
CHEMBL303666	COc1ccc(S(=O)(=O)N(Cc2cccnc2)c2c(C)cc(-c3ccccc3)cc2C(=O)NO)cc1
CHEMBL303666	COc1ccc(S(=O)(=O)N(Cc2cccnc2)c2c(C)cc(-c3ccccc3)cc2C(=O)N[O-])cc1
CHEMBL379469	Cc1cc(COc2ccc(N3C(C(=O)NO)CNS3(=O)=O)cc2)c2ccccc2n1
CHEMBL379469	Cc1cc(COc2ccc(N3C(C(=O)NO)C[N-]S3(=O)=O)cc2)c2ccccc2n1
CHEMBL76836	COc1ccc(S(=O)(=O)C2(C(=O)NO)CC[NH+](Cc3ccc(OCC[NH+]4CCCCC4)cc3)CC2)cc1
CHEMBL76836	COc1ccc(S(=O)(=O)C2(C(=O)N[O-])CC[NH+](Cc3ccc(OCC[NH+]4CCCCC4)cc3)CC2)cc1
CHEMBL76836	COc1ccc(S(=O)(=O)C2(/C([O-])=N/O)CC[NH+](Cc3ccc(OCC[NH+]4CCCCC4)cc3)CC2)cc1
CHEMBL76836	COc1ccc(S(=O)(=O)C2(C(=O)NO)CCN(Cc3ccc(OCC[NH+]4CCCCC4)cc3)CC2)cc1
CHEMBL76137	COc1ccc(S(=O)(=O)C2(C(=O)NO)CC[NH+](Cc3ccc(-c4ccccc4)cc3)CC2)cc1
CHEMBL76137	COc1ccc(S(=O)(=O)C2(C(=O)N[O-])CC[NH+](Cc3ccc(-c4ccccc4)cc3)CC2)cc1
CHEMBL76137	COc1ccc(S(=O)(=O)C2(/C([O-])=N/O)CC[NH+](Cc3ccc(-c4ccccc4)cc3)CC2)cc1
CHEMBL76137	COc1ccc(S(=O)(=O)C2(C(=O)NO)CCN(Cc3ccc(-c4ccccc4)cc3)CC2)cc1
CHEMBL78369	O=C(NO)C1(S(=O)(=O)c2ccc(OCc3ccccc3)cc2)CC[NH+](Cc2ccccc2)CC1
CHEMBL78369	O=S(=O)(c1ccc(OCc2ccccc2)cc1)C1(/C([O-])=N/O)CC[NH+](Cc2ccccc2)CC1
CHEMBL78369	O=C(NO)C1(S(=O)(=O)c2ccc(OCc3ccccc3)cc2)CCN(Cc2ccccc2)CC1
CHEMBL78369	O=C(N[O-])C1(S(=O)(=O)c2ccc(OCc3ccccc3)cc2)CC[NH+](Cc2ccccc2)CC1
CHEMBL95460	CC#CCOc1ccc(S(=O)(=O)N2Cc3ccccc3N(C(=O)C3CC3)CC2C(=O)NO)cc1
CHEMBL184745	CC#CCOc1ccc(S(=O)(=O)N2Cc3cc(NCCc4ccccn4)ccc3N(C(C)=O)CC2C(=O)NO)cc1
CHEMBL256245	Cc1cc(COc2ccc(C(=O)NC3C[NH+](Cc4ccccc4)CC3C(=O)NO)cc2)c2ccccc2n1
CHEMBL256245	Cc1cc(COc2ccc(C(=O)NC3CN(Cc4ccccc4)CC3C(=O)NO)cc2)c2ccccc2n1
CHEMBL183431	Cc1cc(COc2ccc(S(=O)(=O)CC3CC[NH2+]CC3C(=O)NO)cc2)c2ccccc2n1
CHEMBL62455	CC(C1CCN(c2ccc(OCc3ccccc3)cc2)C1=O)N(O)C=O
CHEMBL180333	CC#CCOc1ccc(S(=O)(=O)N2CCCN(Cc3ccccc3)CC2C(=O)NO)cc1
CHEMBL180333	CC#CCOc1ccc(S(=O)(=O)N2CCC[NH+](Cc3ccccc3)CC2C(=O)NO)cc1
CHEMBL434539	Cc1nscc1COc1ccc(S(=O)(=O)N2CC(O)CC(C)(C)C2C(=O)NO)cc1
CHEMBL328645	Cc1cc(COc2ccc(S(=O)(=O)CC(C3CCC(=NO)CC3)N(O)C=O)cc2)c2ccccc2n1
CHEMBL183868	Cc1cc(COc2ccc(S(=O)(=O)CC3(CC(=O)NO)CCCO3)cc2)c2ccccc2n1
CHEMBL503067	Cc1cc(COc2ccc(S(=O)(=O)C3(C(=O)NO)CCN(C(=O)c4ccncc4)CC3)cc2)c2ccccc2n1
CHEMBL434567	COC(=O)N1CC2(CC2)CC(C(=O)NO)C1C(=O)N1CC=C(c2ccccc2)CC1
CHEMBL134640	CC(=O)N1CCC(C(=O)Nc2ccc(COc3cc[nH+]c4ccccc34)cc2)C(C(=O)NO)C1
CHEMBL98770	CCOc1ccc(CCCC2C(=O)NC(C(=O)NC)Cc3ccc(cc3)OCCCCC2C(=O)NO)cc1
CHEMBL95305	COc1cc(Oc2ccc(S(=O)(=O)N3CCSC(C)(C)C3C(=O)NO)cc2)cc(OC)c1OC
CHEMBL467747	NC(=O)C1(Cc2ccc(OCc3cc(N4CCOCC4)nc4ccccc34)c(F)c2)CC1C(=O)NO
CHEMBL467747	NC(=O)C1(Cc2ccc(OCc3cc(N4CCOCC4)[nH+]c4ccccc34)c(F)c2)CC1C(=O)NO
CHEMBL1077216	COc1ccc2c(c1)C(=O)N(CC1(c3cnccn3)NC(=O)NC1=O)C2
CHEMBL1077216	COc1ccc2c(c1)C(=O)N(CC1(c3cnccn3)NC(=O)N=C1[O-])C2
CHEMBL110211	CC(=O)N1CCN(S(=O)(=O)c2ccc(OCc3cccnc3C)cc2)C(C(=O)NO)C1C
CHEMBL434187	CC#CCOc1ccc(S(=O)(=O)N2CCSC3(CCCC3)C2C(=O)NO)cc1
CHEMBL276086	Cc1cc(Br)cc(C(=O)NO)c1N(C)S(=O)(=O)c1ccc(OCc2cccnc2)cc1
CHEMBL276086	Cc1cc(Br)cc(C(=O)N[O-])c1N(C)S(=O)(=O)c1ccc(OCc2cccnc2)cc1
CHEMBL69268	COc1ccc(S(=O)(=O)N(Cc2cccnc2)c2c(C(=O)NO)cc(C)cc2-c2ccco2)cc1
CHEMBL69268	COc1ccc(S(=O)(=O)N(Cc2cccnc2)c2c(C(=O)N[O-])cc(C)cc2-c2ccco2)cc1
CHEMBL68271	COc1ccc(S(=O)(=O)N(Cc2cccnc2)c2c(C(=O)NO)cc(C)cc2-c2ccccc2)cc1
CHEMBL68271	COc1ccc(S(=O)(=O)N(Cc2cccnc2)c2c(C(=O)N[O-])cc(C)cc2-c2ccccc2)cc1
CHEMBL424492	CNC(=O)C(NC(=O)C(CC(C)C)C(NS(=O)(=O)c1cccs1)C(=O)NO)C(C)(C)C
CHEMBL80183	COc1ccc(S(=O)(=O)C2(C(=O)NO)CC[NH+](Cc3ccc(-c4cccs4)cc3)CC2)cc1
CHEMBL80183	COc1ccc(S(=O)(=O)C2(C(=O)NO)CCN(Cc3ccc(-c4cccs4)cc3)CC2)cc1
CHEMBL468887	Cc1cc(COc2ccc(C3CC4(CC4C(=O)NO)C(=O)N3)cc2)c2ccccc2n1
CHEMBL100146	COc1ccc(S(=O)(=O)N2Cc3ccccc3N(C(=O)CCc3ccccc3)CC2C(=O)NO)cc1
CHEMBL364875	Cc1cc(COc2ccc(S(=O)(=O)CC3(CC(=O)NO)CCC3)cc2)c2ccccc2n1
CHEMBL184062	Cc1cc(COc2ccc(S(=O)(=O)CC3[NH2+]CCCC3C(=O)NO)cc2)c2ccccc2n1
CHEMBL88979	CC(C)CC1C(=O)NC(C(=O)NCC(=O)Nc2ccccc2)Cc2ccc(cc2)OCCCC1C(=O)NO
CHEMBL144101	CNC(=O)C(NC(=O)C(CC(C)C)C(OCc1cc2ccccc2n(C)c1=O)C(=O)NO)C(C)(C)C
CHEMBL328483	CC(C)CC1C(=O)NC(C(=O)Nc2ccncc2)CCCCN(C)C(=O)OCCCC1C(=O)NO
CHEMBL427861	Cc1cc(COc2ccc(C(=O)NCC3(NC(=O)OC(C)(C)C)C(=O)NC(=O)N=C3[O-])cc2)c2ccccc2n1
CHEMBL427861	Cc1cc(COc2ccc(C(=O)NCC3(NC(=O)OC(C)(C)C)C(=O)N=C([O-])NC3=O)cc2)c2ccccc2n1
CHEMBL440048	Cc1cc(COc2ccc(C(=O)NCC3(Cc4ccccc4)C(=O)NC(=O)NC3=O)cc2)c2ccccc2n1
CHEMBL440048	Cc1cc(COc2ccc(C(=O)NCC3(Cc4ccccc4)C(=O)N=C([O-])NC3=O)cc2)c2ccccc2n1
CHEMBL440048	Cc1cc(COc2ccc(C(=O)NCC3(Cc4ccccc4)C(=O)NC(=O)N=C3[O-])cc2)c2ccccc2n1
CHEMBL438964	COc1ccc(C(C(=O)N2CCCCC2)C(CN2C(=O)N(C)C(C)(C)C2=O)C(=O)NO)cc1
CHEMBL99045	Cc1cc(COc2ccc(S(=O)(=O)CC(C=C3CCOCC3)N(O)C=O)cc2)c2ccccc2n1
CHEMBL240648	Cc1cc(COc2ccc(C(=O)NCC3(C4CC[NH+](C5CCOCC5)CC4)C(=O)NC(=O)NC3=O)cc2)c2ccccc2n1
CHEMBL240648	Cc1cc(COc2ccc(C(=O)NCC3(C4CC[NH+](C5CCOCC5)CC4)C(=O)N=C([O-])NC3=O)cc2)c2ccccc2n1
CHEMBL240648	Cc1cc(COc2ccc(C(=O)NCC3(C4CC[NH+](C5CCOCC5)CC4)C(=O)NC(=O)N=C3[O-])cc2)c2ccccc2n1
CHEMBL596906	O=C(NCCc1cccs1)C(O)C(O)C(=O)N1CCC(c2ccccc2)C1
CHEMBL603832	O=C(NCCc1cccs1)C(O)C(O)C(=O)N1Cc2ccccc2C1
CHEMBL599155	O=C(NCCc1cccs1)C(O)C(O)C(=O)N1CCc2ccccc2C1
CHEMBL393750	CC#CCOc1ccc(S(=O)(=O)CC2(C(=O)NO)CCN(S(=O)(=O)c3c(C)nn(C)c3C)CC2)cc1
CHEMBL234567	CC#CCOc1ccc(S(=O)(=O)CC2(C(=O)NO)CCN(S(=O)(=O)c3c(C)noc3C)CC2)cc1
CHEMBL234565	CC#CCOc1ccc(S(=O)(=O)CC2(C(=O)NO)CCN(c3cc[nH+]cc3)CC2)cc1
CHEMBL234353	CC#CCOc1ccc(S(=O)(=O)CC2(C(=O)NO)CCN(c3cccc[nH+]3)CC2)cc1
CHEMBL234353	CC#CCOc1ccc(S(=O)(=O)CC2(C(=O)NO)CCN(c3ccccn3)CC2)cc1
CHEMBL234566	CC#CCOc1ccc(S(=O)(=O)CC2(C(=O)NO)CCN(c3[nH+]c4ccccc4n3C)CC2)cc1
CHEMBL234566	CC#CCOc1ccc(S(=O)(=O)CC2(C(=O)NO)CCN(c3nc4ccccc4n3C)CC2)cc1
CHEMBL393550	CC#CCOc1ccc(S(=O)(=O)CC2(C(=O)NO)CCN(c3nc4ccccc4o3)CC2)cc1
CHEMBL392505	CC#CCOc1ccc(S(=O)(=O)CC2(C(=O)NO)CCN(S(=O)(=O)C3CC3)CC2)cc1
CHEMBL234145	CC#CCOc1ccc(S(=O)(=O)CC2(C(=O)NO)CCN(S(=O)(=O)C(C)CN3CCOCC3)CC2)cc1
CHEMBL234145	CC#CCOc1ccc(S(=O)(=O)CC2(C(=O)NO)CCN(S(=O)(=O)C(C)C[NH+]3CCOCC3)CC2)cc1
CHEMBL234352	CC#CCOc1ccc(S(=O)(=O)CC2(C(=O)NO)CCN(S(=O)(=O)C3CCCCC3)CC2)cc1
CHEMBL234351	CC#CCOc1ccc(S(=O)(=O)CC2(C(=O)NO)CCN(S(=O)(=O)C3CCCC3)CC2)cc1
CHEMBL271234	Cc1cc(COc2ccc(C(=O)NC3C[NH+](C4CCC4)CC3C(=O)NO)cc2)c2ccccc2n1
CHEMBL271235	C#CCN1CC(NC(=O)c2ccc(OCc3cc(C)nc4ccccc34)cc2)C(C(=O)NO)C1
CHEMBL250502	CC#CCOc1ccc(S(=O)(=O)CC2(C(=O)NO)CCCN(C(=O)c3ccccc3C)C2)cc1
CHEMBL250709	CC#CCOc1ccc(S(=O)(=O)CC2(C(=O)NO)CCCN(S(=O)(=O)Cc3ccccc3)C2)cc1
CHEMBL99995	Cc1cc(COc2ccc(S(=O)(=O)CC(C=C3CCC(=NO)CC3)N(O)C=O)cc2)c2ccccc2n1
CHEMBL392837	Cc1cc(COc2ccc(C(=O)NC3CCCC3c3nnc([S-])[nH]3)cc2)c2ccccc2n1
CHEMBL392837	Cc1cc(COc2ccc(C(=O)NC3CCCC3c3n[nH]c(=S)[nH]3)cc2)c2ccccc2n1
CHEMBL302455	Cc1cc(COc2ccc(N3CCC(C(NC(=O)c4ccccc4)C(=O)NO)C3=O)cc2)c2ccccc2n1
CHEMBL175164	CCOP(=O)(CCc1ccccc1)N1Cc2ccccc2CC1C(=O)NO
CHEMBL247140	Cc1cc(COc2ccc(C(=O)NC3(Cc4nnc([S-])[nH]4)CCOCC3)cc2)c2ccccc2n1
CHEMBL393443	Cc1cc(COc2ccc(C(=O)NC3(Cc4nnc([S-])[nH]4)CCN(C(=O)OC(C)(C)C)CC3)cc2)c2ccccc2n1
CHEMBL238081	CC#CCNc1ccc(S(=O)(=O)N2CCSC(C)(C)C2C(=O)NO)cc1
CHEMBL248524	Cc1cc(COc2ccc(C(=O)NC(C)(C)Cc3nnc([S-])[nH]3)cc2)c2ccccc2n1
CHEMBL167846	O=C(NO)C1Cc2nccnc2CN1S(=O)(=O)c1cccs1
CHEMBL316822	COCC(=O)N1CC(C(=O)NO)N(S(=O)(=O)c2ccc(Oc3ccc(Cl)cc3)cc2)Cc2ccccc21
CHEMBL367710	CCOP(=O)(c1cccs1)N1Cc2ccccc2CC1C(=O)NO
CHEMBL431008	CC(C)CC1C(=O)NC(C(=O)NCC(=O)N2CC[NH+](C)CC2)CCCCN(C)C(=O)OCCCC1C(=O)NO
CHEMBL431008	CC(C)CC1C(=O)NC(C(=O)NCC(=O)N2CCN(C)CC2)CCCCN(C)C(=O)OCCCC1C(=O)NO
CHEMBL114427	CNC(=O)C(Cc1ccccc1)NC(=O)C(CC(C)C)C(CSc1ccccc1)C(=O)NO
CHEMBL251994	Cc1cc(COc2ccc(C(=O)NC3CC4(CCCO4)CC3C(=O)NO)cc2)c2ccccc2n1
CHEMBL500112	O=C(NO)C1CC1(Cc1ccc(OCc2cc(-c3ccccc3)nc3ccccc23)cc1)C(=O)N1CCC(O)C1
CHEMBL88342	CC(C)CC1C(=O)NC(C(=O)NCC(=O)N2CCCCC2)Cc2ccc(cc2)OCCCC1C(=O)NO
CHEMBL135931	N/C(=N\[N+](=O)[O-])NCCCC(NC(=O)C(CC1CCCCC1)C(C1CC1)N(O)C=O)C(=O)Nc1nccs1
CHEMBL1223224	Cn1nnnc1-c1ccccc1-c1ccc(C2(CN3Cc4ccc(F)cc4C3=O)NC(=O)NC2=O)cc1
CHEMBL1223224	Cn1nnnc1-c1ccccc1-c1ccc(C2(CN3Cc4ccc(F)cc4C3=O)NC(=O)N=C2[O-])cc1
CHEMBL299796	Cc1cc(COc2ccc3c(c2)NCCN(C(C)C(=O)NO)S3(=O)=O)cc(C)n1
CHEMBL194627	CC#CCOc1ccc(S(=O)(=O)N2CCN(Cc3cccnc3)CC2C(=O)NO)cc1
CHEMBL1223223	COc1ccc2c(c1)C(=O)N(CC1(c3ccc(-c4cc(-c5ccccc5)no4)cc3)NC(=O)NC1=O)C2
CHEMBL1223223	COc1ccc2c(c1)C(=O)N(CC1(c3ccc(-c4cc(-c5ccccc5)no4)cc3)NC(=O)N=C1[O-])C2
CHEMBL381224	CC#CCOc1ccc(S(=O)(=O)N2CCN(C(=O)c3cccs3)CC2C(=O)NO)cc1
CHEMBL440498	O=C(NO)C1(CS(=O)(=O)c2ccc(Oc3ccc(Cl)cc3)cc2)CCOCC1
CHEMBL147383	CNC(=O)C(NC(=O)C(CC(C)C)C(OCc1ccc2oc(=O)ccc2c1)C(=O)NO)C(C)(C)C
CHEMBL80321	CCC(CC)Oc1ccc(S(=O)(=O)C2(C(=O)NO)CC[NH+](Cc3ccccc3)CC2)cc1
CHEMBL80321	CCC(CC)Oc1ccc(S(=O)(=O)C2(C(=O)NO)CCN(Cc3ccccc3)CC2)cc1
CHEMBL80321	CCC(CC)Oc1ccc(S(=O)(=O)C2(C(=O)N[O-])CC[NH+](Cc3ccccc3)CC2)cc1
CHEMBL80321	CCC(CC)Oc1ccc(S(=O)(=O)C2(/C([O-])=N/O)CC[NH+](Cc3ccccc3)CC2)cc1
CHEMBL135251	CC1CCC(CC(C(=O)NC(CCCN/C(N)=N/[N+](=O)[O-])C(=O)Nc2nccs2)C(C(C)C)N(O)C=O)CC1
CHEMBL592722	O=C(NCCc1cccs1)C(O)C(O)C(=O)N1CCCCC1c1ccccc1
CHEMBL592721	CC(c1ccccc1)N(C)C(=O)C(O)C(O)C(=O)NCCc1cccs1
CHEMBL503835	CC#CCOc1ccc(S(=O)(=O)NC(Cc2c(C)n(Cc3ccc4c(c3)OCO4)c3ccc(OC)cc23)C(=O)[O-])cc1
CHEMBL78611	CCCCOc1ccc(S(=O)(=O)C2(C(=O)NO)CC[NH+](CCCOc3ccccc3)CC2)cc1
CHEMBL78611	CCCCOc1ccc(S(=O)(=O)C2(C(=O)NO)CCN(CCCOc3ccccc3)CC2)cc1
CHEMBL517708	O=C(NO)C1CC12CC(c1ccc(OCc3cc(-c4ccccc4)nc4ccccc34)c(F)c1)NC2=O
CHEMBL204048	Cc1cc(COc2ccc(N3C(C(=O)NO)CCS3(=O)=O)cc2)c2ccccc2n1
CHEMBL273065	Cc1cc(COc2cccc(C3(C(=O)NC(C)C)CC3C(=O)NO)c2)c2ccccc2n1
CHEMBL204549	Cc1cc(COc2ccc(CCN3C(C(=O)NO)CCS3(=O)=O)cc2)c2ccccc2n1
CHEMBL313047	CC(C)CC1C(=O)NC(C(=O)NCc2ccncc2)CCCCNC(=O)OCCCC1C(=O)NO
CHEMBL172249	CCOP(=O)(c1ccc(OC)cc1)N1Cc2[nH]c3ccccc3c2CC1C(=O)NO
CHEMBL272341	Cc1cc(COc2ccc(C(=O)NC3CC(=O)CC3C(=O)NO)cc2)c2ccccc2n1
CHEMBL319341	CN(c1c(CN2CC[NH+](C)CC2)cccc1C(=O)NO)S(=O)(=O)c1ccc(Oc2ccc(Cl)cc2)cc1
CHEMBL319341	CN1CC[NH+](Cc2cccc(C(=O)NO)c2N(C)S(=O)(=O)c2ccc(Oc3ccc(Cl)cc3)cc2)CC1
CHEMBL319341	CN(c1c(CN2CC[NH+](C)CC2)cccc1C(=O)N[O-])S(=O)(=O)c1ccc(Oc2ccc(Cl)cc2)cc1
CHEMBL452642	CC#CCOc1ccc(S(=O)(=O)NC(Cc2cn(Cc3ccccc3-c3ccccc3)c3ccccc23)C(=O)[O-])cc1
CHEMBL537229	Cc1cc(COc2ccc(C(=O)NC3CCCC3C(=O)NO)cc2)c2ccccc2n1
CHEMBL316489	COCC(=O)N1CC(C(=O)NO)N(S(=O)(=O)c2ccc(Oc3ccncc3)cc2)Cc2ccccc21
CHEMBL316489	COCC(=O)N1CC(C(=O)NO)N(S(=O)(=O)c2ccc(Oc3cc[nH+]cc3)cc2)Cc2ccccc21
CHEMBL341817	Cc1cc(COc2ccc(NC(=O)C3CN(C(=O)c4ccco4)CCC3C(=O)NO)cc2)c2ccccc2n1
CHEMBL391881	CC#CCOc1ccc(S(=O)(=O)CC2(C(=O)NO)CCN(C(=O)c3c(Cl)cncc3Cl)CC2)cc1
CHEMBL76888	COc1ccc(S(=O)(=O)C(CC=C(C)C)(Cc2cccnc2)C(=O)NO)cc1
CHEMBL208051	Cc1cc(COc2ccc(C(=O)NCC3(C(=O)NO)CCN(S(C)(=O)=O)CC3)cc2)c2ccccc2n1
CHEMBL208052	O=C(NCC1(C(=O)NO)CCOCC1)c1ccc(OCc2ccnc3ccccc23)cc1
