CHEMBL96369	COc1cc(NC(=O)C2CC2)c(Cl)cc1C(=O)NC1CC[NH+](C2CCCCC2)C1
CHEMBL201318	CC(C)(C)c1nc(N2CC[NH+](CCCCN3C(=O)CCCc4c(O)cccc43)CC2)cc(C(F)(F)F)n1
CHEMBL201318	CC(C)(C)c1nc(N2CCN(CCCCN3C(=O)CCCc4c(O)cccc43)CC2)cc(C(F)(F)F)n1
CHEMBL241027	O=C(NCCCC[NH+]1CCN(C(c2ccccc2)c2ccccc2)CC1)c1cccs1
CHEMBL394019	O=C(NCCCC[NH+]1CCN(C(c2ccccc2)c2ccc(Cl)cc2)CC1)c1ccc2ccccc2c1
CHEMBL241455	O=C(/C=C/c1ccccc1)NCCCC[NH+]1CCN(C(c2ccccc2)c2ccc(Cl)cc2)CC1
CHEMBL1223598	CC(C)c1ccc(S(=O)(=O)Cc2ccc(C34C[NH2+]CC3C4)cc2)cc1
CHEMBL1223600	CC(C)c1ccc(CS(=O)(=O)c2ccc(C34C[NH2+]CC3C4)cc2)cc1
CHEMBL517730	COc1cccc2c1C1CCN(CCCCNC(=O)C3=NCc4ccccc4C3)CC1=N2
CHEMBL517730	COc1cccc2c1C1CC[NH+](CCCCNC(=O)C3=NCc4ccccc4C3)CC1=N2
CHEMBL346911	C1=[N+](CCc2c[nH]c3ncccc23)CCC(c2ccccc2)C1
CHEMBL462508	O=C(NCCCC[NH+]1CCN(c2cccc(Cl)c2Cl)CC1)c1cc2ccccc2cn1
CHEMBL462508	O=C(NCCCCN1CCN(c2cccc(Cl)c2Cl)CC1)c1cc2ccccc2cn1
CHEMBL477434	O=C1c2ccccc2CCN1CCCC[NH+]1CCN(c2ccccn2)CC1
CHEMBL477434	O=C1c2ccccc2CCN1CCCCN1CCN(c2cccc[nH+]2)CC1
CHEMBL109063	Nc1ccc(C#CCC[NH+]2CC=C(c3ccccc3)CC2)cn1
CHEMBL109063	Nc1ccc(C#CCC[NH+]2CC=C(c3ccccc3)CC2)c[nH+]1
CHEMBL109063	Nc1ccc(C#CCCN2CC=C(c3ccccc3)CC2)cn1
CHEMBL370191	CC(C)(C)c1nc(N2CC[NH+](CCCCN3C(=O)CCSc4ccccc43)CC2)cc(C(F)(F)F)n1
CHEMBL370191	CC(C)(C)c1nc(N2CCN(CCCCN3C(=O)CCSc4ccccc43)CC2)cc(C(F)(F)F)n1
CHEMBL54	O=C(CCC[NH+]1CCC(O)(c2ccc(Cl)cc2)CC1)c1ccc(F)cc1
CHEMBL495327	CCC[NH+](CCC1CCC(NC(=O)c2ccc3ccccc3c2)CC1)C1CCc2nc(N)sc2C1
CHEMBL303796	COc1cc(Br)cc(-c2ccc(C[NH+]3CCc4ccccc4C3)[nH]2)c1OC
CHEMBL303796	COc1cc(Br)cc(-c2ccc(CN3CCc4ccccc4C3)[nH]2)c1OC
CHEMBL565075	O=C1N(CC[NH+]2CC3CCC(CC3)C2)CCN1c1cccc(Cl)c1
CHEMBL71091	CCC[NH+](CCC)C1CCc2ccc3c(c2C1)CC(=O)N3
CHEMBL558058	C[NH+](CCN1CCN(c2cccc(C(F)(F)F)c2)C1=O)CC12CCC(CC1)C2(C)C
CHEMBL52588	COc1c(C(=O)NC2CC3CCCC(C2)[NH+]3Cc2ccccc2)cc(Br)c2ccccc12
CHEMBL344677	COc1ccccc1N1CC[NH+](CCCCNC(=O)c2cccc3ccnn23)CC1
CHEMBL344677	COc1ccccc1N1CCN(CCCCNC(=O)c2cccc3ccnn23)CC1
CHEMBL201339	COc1ccc2c(c1)CCC1C[NH+](CCC3CCC(NC(=O)c4ccc5ccccc5c4)CC3)CCN21
CHEMBL1081686	Cn1c(SCCC[NH+]2CC3CC3(c3ccc(C(F)(F)F)cc3)C2)nnc1-c1ccccc1
CHEMBL201376	CC(C)(C)c1nc(N2CC[NH+](CCCCn3ccc(N4CCCCC4)nc3=O)CC2)cc(C(F)(F)F)n1
CHEMBL201376	CC(C)(C)c1nc(N2CCN(CCCCn3ccc(N4CCCCC4)nc3=O)CC2)cc(C(F)(F)F)n1
CHEMBL199453	CC(C)(C)c1nc(N2CC[NH+](CCCCn3ccc(N4CCC4)nc3=O)CC2)cc(C(F)(F)F)n1
CHEMBL199453	CC(C)(C)c1nc(N2CCN(CCCCn3ccc(N4CCC4)nc3=O)CC2)cc(C(F)(F)F)n1
CHEMBL199663	CC(C)(C)c1nc(N2CC[NH+](CCCCn3ccc(C4CCCCC4)nc3=O)CC2)cc(C(F)(F)F)n1
CHEMBL199663	CC(C)(C)c1nc(N2CCN(CCCCn3ccc(C4CCCCC4)nc3=O)CC2)cc(C(F)(F)F)n1
CHEMBL87478	CCCSc1ccccc1N1CC[NH+](CCCOc2ccc(-c3nc4ccccc4[nH]3)cc2)CC1
CHEMBL87478	CCCSc1ccccc1N1CCN(CCCOc2ccc(-c3nc4ccccc4[nH]3)cc2)CC1
CHEMBL314983	c1ccc(N2CCN(CCCOc3ccc(-c4nc5ccccc5[nH]4)cc3)CC2)[nH+]c1
CHEMBL314983	c1ccc(N2CC[NH+](CCCOc3ccc(-c4nc5ccccc5[nH]4)cc3)CC2)nc1
CHEMBL314983	c1ccc(N2CC[NH+](CCCOc3ccc(-c4nc5ccccc5[nH]4)cc3)CC2)[nH+]c1
CHEMBL147731	C1=C(c2ccccc2)CC[NH+](Cc2ccn(-c3ccccc3)c2)C1
CHEMBL147731	C1=C(c2ccccc2)CCN(Cc2ccn(-c3ccccc3)c2)C1
CHEMBL467540	CCC[NH+](CCN1CCN(c2ccc(-c3ccccc3)cc2)CC1)C1CCc2nc(N)sc2C1
CHEMBL286252	CCCC[NH+]1CCCC1CNC(=O)c1cc(C#N)c2ccccc2c1OC
CHEMBL380464	C[NH+]1CCc2ccccc2Cc2c(ccc(O)c2Cl)CC1
CHEMBL244562	O=C(NC/C=C/CN1CCN(c2cccc(Cl)c2Cl)CC1)c1ccc(-c2cccc(=O)[nH]2)cc1
CHEMBL244562	O=C(NC/C=C/C[NH+]1CCN(c2cccc(Cl)c2Cl)CC1)c1ccc(-c2cccc(=O)[nH]2)cc1
CHEMBL244989	COc1ccccc1N1CCN(C/C=C/CNC(=O)c2ccc3c(c2)Cc2ccccc2-3)CC1
CHEMBL244989	COc1ccccc1N1CC[NH+](C/C=C/CNC(=O)c2ccc3c(c2)Cc2ccccc2-3)CC1
CHEMBL244774	O=C(NC/C=C/CN1CCN(c2cccc(Cl)c2Cl)CC1)c1ccc(-c2cccc[n+]2[O-])cc1
CHEMBL244774	O=C(NC/C=C/C[NH+]1CCN(c2cccc(Cl)c2Cl)CC1)c1ccc(-c2cccc[n+]2[O-])cc1
CHEMBL421095	COc1cccc(C(=O)N2CC3CCCC(C2)N3Cc2ccc(F)cc2)c1OC
CHEMBL421095	COc1cccc(C(=O)N2CC3CCCC(C2)[NH+]3Cc2ccc(F)cc2)c1OC
CHEMBL570188	CCC[NH+](CCN1CCN(c2ccc(-c3ccncc3)cc2)CC1)C1CCc2nc(N)sc2C1
CHEMBL193639	C[NH+](C)CC1CC2c3ccccc3Sc3ccc(F)cc3C2O1
CHEMBL544286	Cc1ccc(S(=O)(=O)NCCCC[NH+]2CCC3C(C2)c2cc(F)ccc2N3c2ccc(F)cc2)cc1
CHEMBL602065	CCC[NH+](CCN1CCN(c2cc[nH+]c3ccccc23)CC1)C1CCc2c(O)cccc2C1
CHEMBL357416	Oc1ccc(C2=CCCC(C[NH+]3CC=C(c4ccccc4)CC3)C2)cc1
CHEMBL1169896	CN1CN(c2ccccc2)C2(CC[NH+](Cc3coc4ccccc34)CC2)C1=O
CHEMBL1169896	CN1CN(c2ccccc2)C2(CCN(Cc3coc4ccccc34)CC2)C1=O
CHEMBL549968	CCC[NH+](CCN1CCN(C(=O)c2cc3ccccc3o2)CC1)C1CCc2c(O)cccc2C1
CHEMBL1204189	O=C1CC2(CCCC2)CC(=O)N1CCCC[NH+]1CCN(c2nsc3ccccc23)CC1
CHEMBL1204189	O=C1CC2(CCCC2)CC(=O)N1CCCCN1CCN(c2nsc3ccccc23)CC1
CHEMBL431367	Oc1ccc2[nH]cc(CCCC[NH+]3CC=C(c4ccccc4)CC3)c2c1
CHEMBL61682	Fc1ccc(-c2cncc(CN3CCN(c4ccccc4F)CC3)c2)cc1
CHEMBL61682	Fc1ccc(-c2cncc(C[NH+]3CCN(c4ccccc4F)CC3)c2)cc1
CHEMBL220808	Fc1ccc(-c2cncc(C[NH2+]CC3CCc4ccccc4O3)c2)cc1
CHEMBL220808	Fc1ccc(-c2cncc(CNCC3CCc4ccccc4O3)c2)cc1
CHEMBL157138	CCN(CC)C(=O)NC1C=C2c3cccc4[nH]cc(c34)CC2[NH+](C)C1
CHEMBL33022	CSc1c(Cl)nc(NCc2ccccc2)nc1N1CC[NH+](C)CC1
CHEMBL33022	CSc1c(Cl)nc(NCc2ccccc2)nc1N1CCN(C)CC1
CHEMBL545209	O=C1CNC(=O)N1CCCC[NH+]1CCC2c3cc(F)ccc3N(c3ccc(F)cc3)C2C1
CHEMBL477250	COc1ccccc1N1CC[NH+](CCCCN2CCc3ccccc3C2=O)CC1
CHEMBL477250	COc1ccccc1N1CCN(CCCCN2CCc3ccccc3C2=O)CC1
CHEMBL197162	O=C(NCCCC[NH+]1CCN(c2cccc(Cl)c2Cl)CC1)c1ccc(F)nc1
CHEMBL197162	O=C(NCCCCN1CCN(c2cccc(Cl)c2Cl)CC1)c1ccc(F)nc1
CHEMBL48264	CCCCC1(OC(C)=O)CC[NH+]2CC(c3ccccc3)CCC2C1
CHEMBL542870	O=c1oc2ccccc2n1CCCC[NH+]1CCC2C(C1)c1cc(F)ccc1N2c1ccc(F)cc1
CHEMBL477206	COc1ccccc1N1CC[NH+](CCCCN2CCCc3ccccc3C2=O)CC1
CHEMBL477206	COc1ccccc1N1CCN(CCCCN2CCCc3ccccc3C2=O)CC1
CHEMBL1112	O=C1CCc2ccc(OCCCC[NH+]3CCN(c4cccc(Cl)c4Cl)CC3)cc2N1
CHEMBL1112	O=C1CCc2ccc(OCCCCN3CCN(c4cccc(Cl)c4Cl)CC3)cc2N1
CHEMBL482556	CCCN1CCOC2c3cc4c(=O)[nH]ccc4cc3CCC21
CHEMBL482556	CCC[NH+]1CCOC2c3cc4c(=O)[nH]ccc4cc3CCC21
CHEMBL168104	Fc1ccc2c(CCC[NH+]3CCC(c4noc5cc(F)ccc45)CC3)noc2c1
CHEMBL7806	CCC[NH+](CCc1ccsc1)C1CCc2c(O)cccc2C1
CHEMBL38428	CCC[NH+](CCC)C1COc2c(O)cccc2C1
CHEMBL71145	CCC[NH+](CCc1cccs1)C1CCc2ccc3[nH]ccc3c2C1
CHEMBL573791	COc1ccccc1N1CCN(CCNC(=O)c2cn(-c3ccc([N+](=O)[O-])cc3)nn2)CC1
CHEMBL573791	COc1ccccc1N1CC[NH+](CCNC(=O)c2cn(-c3ccc([N+](=O)[O-])cc3)nn2)CC1
CHEMBL243012	COc1ccc(C2=NOC(CCC[NH+]3CCN(C(c4ccc(F)cc4)c4ccc(F)cc4)CC3)C2)cc1OC
CHEMBL152262	O=C(NCCCC[NH+]1CCN(c2cccc(Cl)c2Cl)CC1)c1c[nH]c2ccccc12
CHEMBL152262	O=C(NCCCCN1CCN(c2cccc(Cl)c2Cl)CC1)c1c[nH]c2ccccc12
CHEMBL334191	[NH3+]C1CC2CC1c1cc(O)c(O)cc12
CHEMBL175462	O=C(NC/C=C/CN1CCN(c2cccc(Cl)c2Cl)CC1)c1cnc2ccccc2n1
CHEMBL175462	O=C(NC/C=C/C[NH+]1CCN(c2cccc(Cl)c2Cl)CC1)c1cnc2ccccc2n1
CHEMBL423499	c1ccc(N2CC[NH+](CCC3CCC(c4c[nH]c5ccccc45)CC3)CC2)nc1
CHEMBL423499	c1ccc(N2CCN(CCC3CCC(c4c[nH]c5ccccc45)CC3)CC2)[nH+]c1
CHEMBL198463	CN1CCc2c(sc3ncn(CCN4CCN(c5cc[nH+]c6ccccc56)CC4)c(=O)c23)C1
CHEMBL198463	CN1CCc2c(sc3ncn(CC[NH+]4CCN(c5cc[nH+]c6ccccc56)CC4)c(=O)c23)C1
CHEMBL726	OCCN1CC[NH+](CCCN2c3ccccc3Sc3ccc(C(F)(F)F)cc32)CC1
CHEMBL124612	COc1cc(Br)cc(C(=O)NC2CC[NH+](Cc3ccc(F)cc3)CC2)c1OC
CHEMBL93432	Cc1c(-c2ccccc2)n(-c2ccccc2)c(=O)n1C1CC[NH+](Cc2ccccc2)CC1
CHEMBL126892	COc1ccccc1N1CC[NH+](CCCCNC(=O)c2nccc3ccccc23)CC1
CHEMBL126892	COc1ccccc1N1CCN(CCCCNC(=O)c2nccc3ccccc23)CC1
CHEMBL340851	COc1ccccc1N1CC[NH+](CCCCNC(=O)/C=C/c2ccc(OCc3ccccc3)cc2)CC1
CHEMBL340851	COc1ccccc1N1CCN(CCCCNC(=O)/C=C/c2ccc(OCc3ccccc3)cc2)CC1
CHEMBL85972	c1cnc(N2CCN(CCCOc3ccc(-c4nc5ccccc5[nH]4)cc3)CC2)nc1
CHEMBL85972	c1cnc(N2CC[NH+](CCCOc3ccc(-c4nc5ccccc5[nH]4)cc3)CC2)nc1
CHEMBL201232	CC(C)(C)c1nc(N2CC[NH+](CCCCN3C(=O)CCC(=O)c4ccccc43)CC2)cc(C(F)(F)F)n1
CHEMBL201232	CC(C)(C)c1nc(N2CCN(CCCCN3C(=O)CCC(=O)c4ccccc43)CC2)cc(C(F)(F)F)n1
CHEMBL76399	CCC[NH2+]C1CCc2nc(N)sc2C1
CHEMBL349426	c1ccc(N2CC[NH+](CCC3CCC(Nc4ncnc5ccccc45)CC3)CC2)cc1
CHEMBL68720	O=C(NCCCCC[NH+]1CCN(c2cccc(Cl)c2Cl)CC1)c1cccc2c1-c1ccccc1C2=O
CHEMBL68720	O=C(NCCCCCN1CCN(c2cccc(Cl)c2Cl)CC1)c1cccc2c1-c1ccccc1C2=O
CHEMBL382773	Cc1ccn(CCCC[NH+]2CCN(c3cc(C(F)(F)F)nc(C(C)(C)C)n3)CC2)c(=O)c1
CHEMBL460854	OC1(c2ccc(Cl)cc2)CC2CCC(C1)[NH+]2CCc1c[nH]c2ccccc12
CHEMBL52300	COc1c(C(=O)NCC2CCC[NH+]2C2CCCCCC2)cc(Br)c2ccccc12
CHEMBL53038	COc1c(C(=O)NCC2CCC[NH+]2C2CCCCC2)cc(Br)c2ccccc12
CHEMBL127029	COc1ccccc1N1CC[NH+](CCCCNC(=O)c2ccc(-c3ccc(Cl)cc3)o2)CC1
CHEMBL127029	COc1ccccc1N1CCN(CCCCNC(=O)c2ccc(-c3ccc(Cl)cc3)o2)CC1
CHEMBL542143	CC(C(=O)C[NH+]1CCC2C(C1)c1cc(F)ccc1N2c1ccc(F)cc1)c1ncco1
CHEMBL542143	CC(C(=O)CN1CCC2C(C1)c1cc(F)ccc1N2c1ccc(F)cc1)c1ncco1
CHEMBL241641	O=C(NCCCC[NH+]1CCN(c2cccc(Cl)c2Cl)CC1)c1ccc(C#Cc2ccccc2)cc1
CHEMBL241641	O=C(NCCCCN1CCN(c2cccc(Cl)c2Cl)CC1)c1ccc(C#Cc2ccccc2)cc1
CHEMBL241436	O=C(NCCCC[NH+]1CCN(c2cccc(Cl)c2Cl)CC1)c1cccc(C#Cc2ccccc2)c1
CHEMBL241436	O=C(NCCCCN1CCN(c2cccc(Cl)c2Cl)CC1)c1cccc(C#Cc2ccccc2)c1
CHEMBL239923	O=C(NCCCC[NH+]1CCC(N(Cc2ccccc2)c2ccccc2)CC1)c1ccc2ccccc2c1
CHEMBL544994	O=C(NCCCC[NH+]1CCC2C(C1)c1cc(F)ccc1N2c1ccc(F)cc1)c1ccccc1
CHEMBL236407	O=S(=O)(NC1CCC(CC[NH+]2CCC(Cc3cccc(C(F)(F)F)c3)CC2)CC1)c1cc2ccccc2s1
CHEMBL551776	CCC[NH+](CCN1CCN(Cc2ccc3[nH]ccc3c2)CC1)C1CCc2ccc(O)cc2C1
CHEMBL551776	CCC[NH+](CCN1CC[NH+](Cc2ccc3[nH]ccc3c2)CC1)C1CCc2ccc(O)cc2C1
CHEMBL1081746	Cc1nc(C)c(-c2nnc(SCCC[NH+]3CC4CC4(c4ccc(C(F)(F)F)cc4)C3)n2C)s1
CHEMBL173438	NC(Cc1ccccc1)C(=O)OC(CCC[NH+]1CCC2C(C1)c1cc(F)ccc1N2c1ccc(F)cc1)c1ccc(F)cc1
CHEMBL173438	[NH3+]C(Cc1ccccc1)C(=O)OC(CCC[NH+]1CCC2C(C1)c1cc(F)ccc1N2c1ccc(F)cc1)c1ccc(F)cc1
CHEMBL1079475	Cn1c(SCCC[NH+]2CC3CC3(c3ccc(C(F)(F)F)cc3)C2)nnc1-c1cncnc1
CHEMBL1079639	Cc1ccoc1-c1nnc(SCCC[NH+]2CC3CC3(c3ccc(C(F)(F)F)cc3)C2)n1C
CHEMBL1079640	Cc1ccc(-c2nnc(SCCC[NH+]3CC4CC4(c4ccc(C(F)(F)F)cc4)C3)n2C)cn1
CHEMBL494509	Nc1nc2c(s1)CC([NH+](CCC1CCCCC1)CCC1CCC(NC(=O)c3ccc4ccccc4c3)CC1)CC2
CHEMBL477254	COc1ccccc1N1CC[N+](=CCNC(=O)c2cc3ccccc3s2)CC1
CHEMBL514747	Clc1ccc(N2CC3CC2CN3Cc2c[nH]c3ncccc23)cc1
CHEMBL514747	Clc1ccc(N2CC3CC2C[NH+]3Cc2c[nH]c3ncccc23)cc1
CHEMBL492883	CCC[NH+](CCC1CCC(NC(=O)/C=C/c2ccccc2)CC1)C1CCc2nc(N)sc2C1
CHEMBL523328	OC1(c2ccc(Cl)c(Cl)c2)CC2CCC(C1)[NH+]2Cc1coc2ccccc12
CHEMBL59725	O=C(NCCCC[NH+]1CCN(c2cccc(Cl)c2Cl)CC1)c1cc2ccccc2s1
CHEMBL59725	O=C(NCCCCN1CCN(c2cccc(Cl)c2Cl)CC1)c1cc2ccccc2s1
CHEMBL8514	CC(C)(C)C1(O)CC[NH+]2CC3c4ccccc4CCc4cccc(c43)C2C1
CHEMBL310867	CCC[NH+](CCC)C1CCc2nn3ccccc3c2C1
CHEMBL200028	CC(C)(C)c1nc(N2CC[NH+](CCCCn3ccc(-c4ccccc4)nc3=O)CC2)cc(C(F)(F)F)n1
CHEMBL200028	CC(C)(C)c1nc(N2CCN(CCCCn3ccc(-c4ccccc4)nc3=O)CC2)cc(C(F)(F)F)n1
CHEMBL279247	Cc1nn(C2CC[NH+](Cc3ccccc3)CC2)cc1-c1ccccc1
CHEMBL94015	CCCN1COCC2c3cc(O)ccc3OCC21
CHEMBL328119	O=S(=O)(Oc1cccc(C2CCC[NH+](CCc3ccccc3)C2)c1)C(F)(F)F
CHEMBL152756	COc1cccc(C(=O)NCCCC[NH+]2CCN(c3cccc4ccccc34)CC2)c1
CHEMBL152756	COc1cccc(C(=O)NCCCCN2CCN(c3cccc4ccccc34)CC2)c1
CHEMBL550222	CSc1ccccc1N1CC[NH+](CCCCNC(=O)c2cc3ccccn3n2)CC1
CHEMBL550222	CSc1ccccc1N1CCN(CCCCNC(=O)c2cc3ccccn3n2)CC1
CHEMBL99355	CCCN1CCOC2c3cc(O)ccc3S(=O)CC21
CHEMBL563860	O=C1N(CC[NH+]2CC3CCC2C3)CCN1c1cccc(Cl)c1
CHEMBL80845	CCC[NH+]1CCc2nn3ccccc3c2C1
CHEMBL80845	CCCN1CCc2nn3ccccc3c2C1
CHEMBL44558	c1ccc(N2CCOC3c4cccc5[nH]cc(c45)CC32)cc1
CHEMBL254198	CCC[NH+](CCC[NH+]1CCN(c2ccccc2)CC1)C1CCc2ccc(O)cc2C1
CHEMBL254198	CCCN(CCC[NH+]1CCN(c2ccccc2)CC1)C1CCc2ccc(O)cc2C1
CHEMBL254198	CCC[NH+](CCCN1CCN(c2ccccc2)CC1)C1CCc2ccc(O)cc2C1
CHEMBL254199	Oc1ccc2c(c1)CC([NH+](CCc1cccs1)CCN1CCN(c3ccccc3)CC1)CC2
CHEMBL254199	Oc1ccc2c(c1)CC(N(CCc1cccs1)CCN1CCN(c3ccccc3)CC1)CC2
CHEMBL254199	Oc1ccc2c(c1)CC(N(CCc1cccs1)CC[NH+]1CCN(c3ccccc3)CC1)CC2
CHEMBL439338	CC(C)(C)c1nc(N2CC[NH+](CCCSc3nccc(=O)[nH]3)CC2)cc(C(F)(F)F)n1
CHEMBL439338	CC(C)(C)c1nc(N2CC[NH+](CCCSc3nc(=O)cc[nH]3)CC2)cc(C(F)(F)F)n1
CHEMBL439338	CC(C)(C)c1nc(N2CC[NH+](CCCSc3nccc([O-])n3)CC2)cc(C(F)(F)F)n1
CHEMBL201115	Cc1cn(CCCC[NH+]2CCN(c3cc(C(F)(F)F)nc(C(C)(C)C)n3)CC2)c(=O)[nH]c1=O
CHEMBL312430	O=C(NC1CCC(CC[NH+]2CCN(c3cccc(Cl)c3Cl)CC2)CC1)c1ccco1
CHEMBL201110	COc1ccc2c(c1)CCC1C[NH+](CCC3CCC(NC(=O)c4ccc5ncccc5c4)CC3)CCN21
CHEMBL424678	CC(C)(C)c1nc(N2CC[NH+](CCCCNC(=O)NCc3ccccc3)CC2)cc(C(F)(F)F)n1
CHEMBL67537	O=C(CCC[NH+]1CCC2C(C1)c1cc(F)ccc1N2c1ccc(F)cc1)c1ccc(F)cc1
CHEMBL78617	O=C(NC1CCC(CC[NH+]2CCN(c3cccc(Cl)c3Cl)CC2)CC1)C1CCCC1
CHEMBL543095	O=C(NCCCCCC[NH+]1CCC2C(C1)c1cc(F)ccc1N2c1ccc(F)cc1)c1ccccc1
CHEMBL221652	COc1ccccc1N1CC[NH+](CCCCNC(=O)c2ccc(-c3cccc(F)n3)cc2)CC1
CHEMBL221652	COc1ccccc1N1CCN(CCCCNC(=O)c2ccc(-c3cccc(F)n3)cc2)CC1
CHEMBL110888	CCC[NH+](CCC)C1CCc2nc(N)ccc2C1
CHEMBL110888	CCC[NH+](CCC)C1CCc2[nH+]c(N)ccc2C1
CHEMBL197195	O=C(NCCCC[NH+]1CCN(c2cccc(Cl)c2Cl)CC1)c1cccc(F)n1
CHEMBL197195	O=C(NCCCCN1CCN(c2cccc(Cl)c2Cl)CC1)c1cccc(F)n1
CHEMBL126948	COc1ccccc1N1CC[NH+](CCCCNC(=O)c2ccc(C(=O)c3ccccc3)cc2)CC1
CHEMBL126948	COc1ccccc1N1CCN(CCCCNC(=O)c2ccc(C(=O)c3ccccc3)cc2)CC1
CHEMBL71502	Nc1ccc2c(c1)-c1c(cccc1C(=O)NCCCC[NH+]1CCN(c3cccc(Cl)c3Cl)CC1)C2
CHEMBL71502	Nc1ccc2c(c1)-c1c(cccc1C(=O)NCCCCN1CCN(c3cccc(Cl)c3Cl)CC1)C2
CHEMBL494511	CCC[NH+](CCC1CCC(NC(=O)c2cc3ccccc3o2)CC1)C1CCc2nc(N)sc2C1
CHEMBL155731	CCC[NH+]1CCCC2Cc3nc(N)ncc3CC21
CHEMBL319597	CNc1cc(OC)c(C(=O)NC2CC[NH+](C3C4CCCC3CCC4)C2)cc1Cl
CHEMBL80919	O=C(NC1CCC(CC[NH+]2CCN(c3cccc(Cl)c3Cl)CC2)CC1)c1cccs1
CHEMBL484598	CCCN1CCOC2c3cc4c(cc3CCC21)CNC4=O
CHEMBL484598	CCC[NH+]1CCOC2c3cc4c(cc3CCC21)CNC4=O
CHEMBL10085	CC(C)Oc1ccccc1N1CCN(Cc2cccc(C(=O)N3CCCCC3)c2)CC1
CHEMBL10085	CC(C)Oc1ccccc1N1CC[NH+](Cc2cccc(C(=O)N3CCCCC3)c2)CC1
CHEMBL430439	O=C(NC1CCC(CC[NH+]2CCN(c3cccc(Cl)c3Cl)CC2)CC1)c1ccccc1
CHEMBL203302	COc1ccccc1N1CC[NH+](CCCCNC(=O)c2ccc(N3CCOCC3)cc2)CC1
CHEMBL203302	COc1ccccc1N1CCN(CCCCNC(=O)c2ccc(N3CCOCC3)cc2)CC1
CHEMBL569322	CCC[NH+](CCN1CCN(c2[nH+]ccc3ccccc23)CC1)C1CCc2ccc(O)cc2C1
CHEMBL569322	CCC[NH+](CCN1CCN(c2nccc3ccccc23)CC1)C1CCc2ccc(O)cc2C1
CHEMBL59752	O=C1Cc2c(cccc2OCC[NH2+]Cc2ccccc2)N1
CHEMBL551927	CC12CC(c3ccccc3)CC(C1)[NH+](CCN1CCN(c3cccc(Cl)c3)C1=O)C2
CHEMBL587	CCC[NH+](CCC)CCc1ccc(O)c2c1CC(=O)N2
CHEMBL563563	CC1(C)CC2CC(C)(C[NH+]2CCN2CCN(c3cccc(Cl)c3)C2=O)C1
CHEMBL300571	Oc1ccc2c(c1)OC(C[NH2+]Cc1ccccc1)CO2
CHEMBL300571	Oc1ccc2c(c1)OC(CNCc1ccccc1)CO2
CHEMBL464395	COc1ccccc1N1CC[NH+](CCCCOc2ccc(C3C[n+]4ccsc4N3)cc2)CC1
CHEMBL464395	COc1ccccc1N1CCN(CCCCOc2ccc(C3C[n+]4ccsc4N3)cc2)CC1
CHEMBL1081867	Cn1c(SCCC[NH+]2CC3CC3(c3ccc(C(F)(F)F)cc3)C2)nnc1-c1ccnnc1
CHEMBL58669	CCC[NH+](CCCCNC(=O)c1ccc(-c2ccccc2)cc1)C1CCc2c(O)cccc2C1
CHEMBL362665	COc1cccc2c1N1CC[NH+](CCCCNC(=O)c3ccc4ccccc4c3)CC1CC2
CHEMBL92199	COc1cc(NC(=O)C2CC2)c(Cl)cc1C(=O)NC1CC[NH+](C2CCCCCC2)C1
CHEMBL564930	CC12CCC(C[NH+](CCN3CCN(c4cccc(Cl)c4)C3=O)C1)C2(C)C
CHEMBL1081488	O=C1N(CC[NH+]2CCCCCC2)CCN1c1cccc(C(F)(F)F)c1
CHEMBL230872	COc1ccccc1N1CC[NH+](CCCOc2ccc(-c3cn4ccccc4[nH+]3)cc2)CC1
CHEMBL230872	COc1ccccc1N1CCN(CCCOc2ccc(-c3cn4ccccc4[nH+]3)cc2)CC1
CHEMBL230872	COc1ccccc1N1CC[NH+](CCCOc2ccc(-c3cn4ccccc4n3)cc2)CC1
CHEMBL1221591	COc1ccccc1N1CC[NH+](CCCCCNC(=O)c2ccc3ccccc3c2)CC1
CHEMBL110411	O=C(NCCCC[NH+]1CCN(c2cccc(Cl)c2Cl)CC1)c1ccc2c(c1)-c1ccccc1C2
CHEMBL110411	O=C(NCCCCN1CCN(c2cccc(Cl)c2Cl)CC1)c1ccc2c(c1)-c1ccccc1C2
CHEMBL294488	O=C1CNC(=O)N1CCC[NH+]1CCC2c3cc(F)ccc3N(c3ccc(F)cc3)C2C1
CHEMBL294025	O=C1CNC(=O)N1CC[NH+]1CCC2c3cc(F)ccc3N(c3ccc(F)cc3)C2C1
CHEMBL201551	COc1ccccc1N1CC[NH+](CCCCNC(=O)c2ccc3c(c2)OCO3)CC1
CHEMBL569747	CCC[NH+](CCN1CCN(c2cccc3ccccc23)CC1)C1CCc2ccc(O)cc2C1
CHEMBL129931	c1ccc(CCC[NH2+]CCCOc2ccccc2)cc1
CHEMBL199836	COc1ccc2onc(N3CC[NH+](CCCCNC(=O)c4cc(-c5ccco5)[nH]n4)CC3)c2c1
CHEMBL199836	COc1ccc2onc(N3CC[NH+](CCCCNC(=O)c4cc(-c5ccco5)n[nH]4)CC3)c2c1
CHEMBL424667	COc1ccccc1N1CC[NH+](CCCCNC(=O)c2ccc3nonc3c2)CC1
CHEMBL424667	COc1ccccc1N1CCN(CCCCNC(=O)c2ccc3nonc3c2)CC1
CHEMBL262724	O=C(NCCCC[NH+]1CCN(c2cccc(Cl)c2Cl)CC1)c1cnc2ccccc2n1
CHEMBL262724	O=C(NCCCCN1CCN(c2cccc(Cl)c2Cl)CC1)c1cnc2ccccc2n1
CHEMBL126342	COc1ccccc1N1CC[NH+](CCCCNC(=O)/C=C/c2cccc(Oc3ccccc3)c2)CC1
CHEMBL126342	COc1ccccc1N1CCN(CCCCNC(=O)/C=C/c2cccc(Oc3ccccc3)c2)CC1
CHEMBL458579	C[NH+]1CCc2cc(-c3ccc(O)cc3)cc3c2C1Cc1ccc(O)c(O)c1-3
CHEMBL569003	CCC[NH+](CCN1CCN(c2ccc3ccccc3c2)CC1)C1CCc2ccc(O)cc2C1
CHEMBL571992	CCC[NH+](CCN1CCN(c2[nH+]ccc3ccccc23)CC1)C1CCc2nc(N)sc2C1
CHEMBL571992	CCC[NH+](CCN1CCN(c2nccc3ccccc23)CC1)C1CCc2nc(N)sc2C1
CHEMBL53102	COc1c(C(=O)NCC2CCC[NH+]2Cc2ccccc2)cc(Br)c2ccccc12
CHEMBL563635	CC[NH+](CC)CCN1CCN(c2cccc(Cl)c2)C1=O
CHEMBL54134	COC(=O)C(c1ccc(Cl)c(Cl)c1)C1CCCC[NH2+]1
CHEMBL13101	C[NH+]1CCc2cccc(-c3ccccc3)c2C1
CHEMBL13101	CN1CCc2cccc(-c3ccccc3)c2C1
CHEMBL299903	O=C(CCC[NH+]1CCC2C(C1)c1cc(F)ccc1N2c1ccc(F)cc1)NC1CCCCC1
CHEMBL240600	COc1ccccc1C(c1ccccc1)N1CC[NH+](CCCCNC(=O)c2cc3ccccc3s2)CC1
CHEMBL13647	COc1ccccc1N1CCN(CCN2C(=O)CC3(CCCC3)CC2=O)CC1
CHEMBL13647	COc1ccccc1N1CC[NH+](CCN2C(=O)CC3(CCCC3)CC2=O)CC1
CHEMBL108532	Nc1cccc(C#CCC[NH+]2CC=C(c3ccccc3)CC2)c1
CHEMBL108532	Nc1cccc(C#CCCN2CC=C(c3ccccc3)CC2)c1
CHEMBL96703	COc1cc(NC(=O)C2CC2)c(Cl)cc1C(=O)NC1CC[NH+](CC2CCCCC2)C1
CHEMBL425143	O=C(NC/C=C/CN1CCN(c2cccc(Cl)c2Cl)CC1)c1ccc(-c2ccncc2)cc1
CHEMBL425143	O=C(NC/C=C/C[NH+]1CCN(c2cccc(Cl)c2Cl)CC1)c1ccc(-c2ccncc2)cc1
CHEMBL307800	O=C(NCCCC[NH+]1CCN(c2cccc(Cl)c2Cl)CC1)C1c2ccccc2-c2ccccc21
CHEMBL307800	O=C(NCCCCN1CCN(c2cccc(Cl)c2Cl)CC1)C1c2ccccc2-c2ccccc21
CHEMBL151475	O=c1c(CO)coc2cc(OCCC[NH+]3CCC(c4noc5cc(F)ccc45)CC3)ccc12
CHEMBL541524	c1ccc(-c2cc(CCCC[NH+]3CCN(C(c4ccccc4)c4ccccc4)CC3)on2)cc1
CHEMBL194837	Cc1cc(OCC[NH+](C)C)nc2ccc(NC(=O)COc3ccc(Cl)cc3Cl)cc12
CHEMBL168357	O=C(NCCCC[NH+]1CCN(c2cccc(Cl)c2Cl)CC1)c1cccc2ccccc12
CHEMBL168357	O=C(NCCCCN1CCN(c2cccc(Cl)c2Cl)CC1)c1cccc2ccccc12
CHEMBL85	Cc1nc2n(c(=O)c1CC[NH+]1CCC(c3noc4cc(F)ccc34)CC1)CCCC2
CHEMBL295712	O=C1NCN(c2ccccc2)C12CC[NH+](CCCN(c1ccc(F)cc1)c1ccc(F)cc1)CC2
CHEMBL489619	O=C(NC(O)CN1CCN(c2cccc(Cl)c2Cl)CC1)c1cc2ccccc2[nH]1
CHEMBL309727	O=C(NC1CCC(CC[NH+]2CCN(c3cccc(Cl)c3Cl)CC2)CC1)c1ccsc1
CHEMBL64249	C[NH+]1CCN(C2Cc3ccccc3Sc3ccc(Cl)cc32)CC1
CHEMBL175508	C[NH+]1CCC(=C2c3cc(Br)ccc3CCn3cccc32)CC1
CHEMBL289889	CSc1c(Cl)nc(NCCc2ccccc2)nc1N1CC[NH+](C)CC1
CHEMBL289889	CSc1c(Cl)nc(NCCc2ccccc2)nc1N1CCN(C)CC1
CHEMBL367720	O=C(NC/C=C/CN1CCN(c2cccc(Cl)c2Cl)CC1)c1ccncc1
CHEMBL367720	O=C(NC/C=C/C[NH+]1CCN(c2cccc(Cl)c2Cl)CC1)c1ccncc1
CHEMBL92924	COc1cc(NC(=O)C2CC2)c(Cl)cc1C(=O)NC1CC[NH+](C2C3CC4CC(C3)CC2C4)C1
CHEMBL561512	O=C1N(CC[NH+]2Cc3ccccc3C2)CCN1c1cc(Cl)cc(Cl)c1
CHEMBL378455	C1=C(c2ccccc2)CC[NH+](Cc2cnn(-c3ccccc3)c2)C1
CHEMBL378455	C1=C(c2ccccc2)CCN(Cc2cnn(-c3ccccc3)c2)C1
CHEMBL177455	C[NH+]1CCCN(C2=Cn3cccc3Sc3ccc(Cl)cc32)CC1
CHEMBL177455	CN1CCCN(C2=Cn3cccc3Sc3ccc(Cl)cc32)CC1
CHEMBL152576	COc1cccc(C(=O)NCCC[NH+]2CCN(c3cccc(Cl)c3Cl)CC2)c1
CHEMBL152576	COc1cccc(C(=O)NCCCN2CCN(c3cccc(Cl)c3Cl)CC2)c1
CHEMBL339960	O=C(NCCCC[NH+]1CCN(c2ccc(Cl)cc2Cl)CC1)c1cc2ccccc2[nH]1
CHEMBL339960	O=C(NCCCCN1CCN(c2ccc(Cl)cc2Cl)CC1)c1cc2ccccc2[nH]1
CHEMBL179557	C[NH+]1CCN(C2=Cc3cc(Cl)ccc3Cn3cccc32)CC1
CHEMBL179557	CN1CCN(C2=Cc3cc(Cl)ccc3Cn3cccc32)CC1
CHEMBL325750	O=C1NCN(c2ccccc2)C12CCN(Cc1ccc3nsnc3c1)CC2
CHEMBL325750	O=C1NCN(c2ccccc2)C12CC[NH+](Cc1ccc3nsnc3c1)CC2
CHEMBL71	C[NH+](C)CCCN1c2ccccc2Sc2ccc(Cl)cc21
CHEMBL202229	CC(C)(C)c1nc(N2CC[NH+](CCCCn3ccc(C4CC4)nc3=O)CC2)cc(C(F)(F)F)n1
CHEMBL202229	CC(C)(C)c1nc(N2CCN(CCCCn3ccc(C4CC4)nc3=O)CC2)cc(C(F)(F)F)n1
CHEMBL202298	CC(C)(C)c1nc(N2CC[NH+](CCCCn3ccc(C4CCC4)nc3=O)CC2)cc(C(F)(F)F)n1
CHEMBL202298	CC(C)(C)c1nc(N2CCN(CCCCn3ccc(C4CCC4)nc3=O)CC2)cc(C(F)(F)F)n1
CHEMBL355371	c1ccc(N2CC[NH+](CCC3CCC(Nc4ncccn4)CC3)CC2)nc1
CHEMBL355371	c1cnc(NC2CCC(CCN3CCN(c4cccc[nH+]4)CC3)CC2)nc1
CHEMBL164723	c1cnc(NC2CCC(CC[NH+]3CCN(c4cccnc4)CC3)CC2)nc1
CHEMBL460985	OC1(c2ccc(Cl)cc2)CC2CCC(C1)[NH+]2Cc1coc2ccc3ccccc3c12
CHEMBL461197	OC1(c2ccc(Cl)cc2)CC2CCC(C1)[NH+]2Cc1coc2c1ccc1ccccc12
CHEMBL271989	COc1ccccc1N1CC[NH+](CCCCNc2ccc3ccccc3n2)CC1
CHEMBL271989	COc1ccccc1N1CC[NH+](CCCCNc2ccc3ccccc3[nH+]2)CC1
CHEMBL561511	CCC[NH+](CCN1CCN(C(=O)c2cnc3ccccc3c2)CC1)C1CCc2c(O)cccc2C1
CHEMBL72285	CCC[NH+](CCc1ccccc1)C1CCc2ccc3[nH]ccc3c2C1
CHEMBL287198	COc1c(C(=O)NCCN2CCN(c3cccc(Cl)c3Cl)CC2)cc(Br)c2ccccc12
CHEMBL287198	COc1c(C(=O)NCC[NH+]2CCN(c3cccc(Cl)c3Cl)CC2)cc(Br)c2ccccc12
CHEMBL495573	COc1cccc2cc3n(c12)CCN(CCCCN1CCn2c(cc4ccccc42)C1=O)C3
CHEMBL495573	COc1cccc2cc3n(c12)CC[NH+](CCCCN1CCn2c(cc4ccccc42)C1=O)C3
CHEMBL369367	CN1CCN(C2=Cn3cccc3Sc3ccc(Br)cc32)CC1
CHEMBL369367	C[NH+]1CCN(C2=Cn3cccc3Sc3ccc(Br)cc32)CC1
CHEMBL1423	O=c1[nH]c2ccccc2n1C1CC[NH+](CCCC(c2ccc(F)cc2)c2ccc(F)cc2)CC1
CHEMBL154482	C1=C(/C=C/c2ccccc2)CC[NH+](CCc2cc3cccnc3[nH]2)C1
CHEMBL199859	COc1ccccc1N1CC[NH+](CCCCNC(=O)c2cc(-c3ccco3)[nH]n2)CC1
CHEMBL199859	COc1ccccc1N1CC[NH+](CCCCNC(=O)c2cc(-c3ccco3)n[nH]2)CC1
CHEMBL341139	O=C(CCC[NH+]1CCC2(CCc3ccccc32)CC1)c1ccc(F)cc1
CHEMBL552373	N#Cc1cccc(N2CCN(CC[NH+]3CCC(C(F)(F)F)CC3)C2=O)c1
CHEMBL383205	CC(C)(C)c1nc(N2CC[NH+](CCCCN3C(=O)CCc4ccccc43)CC2)cc(C(F)(F)F)n1
CHEMBL383205	CC(C)(C)c1nc(N2CCN(CCCCN3C(=O)CCc4ccccc43)CC2)cc(C(F)(F)F)n1
CHEMBL516296	Oc1cccc2c1CCC1C2CCC[NH+]1CCN1CCN(c2ccccc2)CC1
CHEMBL134747	CCC[NH+](CCc1ccccc1)C1CCc2ccc(O)cc2C1
CHEMBL285802	C[NH+](C)CCOC1=Cc2ccccc2Sc2ccc(Cl)cc21
CHEMBL577073	CCC[NH+](CCN1CCN(c2cc[nH+]c3ccccc23)CC1)C1CCc2nc(N)sc2C1
CHEMBL240480	O=C1COc2ccc(S(=O)(=O)NC3CCC(CC[NH+]4CCC(Oc5cccc(C(F)(F)F)c5)CC4)CC3)cc2N1
CHEMBL419505	O=C(NCCCC[NH+]1CCN(c2cccc(Cl)c2Cl)CC1)c1ccc2c(c1)-c1ccccc1-2
CHEMBL419505	O=C(NCCCCN1CCN(c2cccc(Cl)c2Cl)CC1)c1ccc2c(c1)-c1ccccc1-2
CHEMBL240273	N#Cc1cc(N2CC[NH+](CCC3CCC(NS(=O)(=O)c4ccc5c(c4)CCC(=O)N5)CC3)CC2)cc(C(F)(F)F)c1
CHEMBL541867	Oc1ccc2c(c1O)-c1cccc3c1C(C2)[NH+](CC1CC1)CC3
CHEMBL156395	COc1ccccc1N1CC[NH+](CCCN(c2ccc(F)cc2)c2ccc(F)cc2)CC1
CHEMBL391699	O=S(=O)(NC1CCC(CC[NH+]2CCC(Oc3cccc(C(F)(F)F)c3)CC2)CC1)c1cccnc1
CHEMBL240693	O=S(=O)(NC1CCC(CC[NH+]2CCN(c3cccc(Cl)c3Cl)CC2)CC1)c1cccnc1
CHEMBL126780	COc1ccccc1N1CC[NH+](CCCCNC(=O)c2cc3ccccc3oc2=O)CC1
CHEMBL126780	COc1ccccc1N1CCN(CCCCNC(=O)c2cc3ccccc3oc2=O)CC1
CHEMBL73589	CN1CCN(C2=Nc3ccccc3Sc3ccc(OS(=O)(=O)C(F)(F)F)cc32)CC1
CHEMBL73589	C[NH+]1CCN(C2=Nc3ccccc3Sc3ccc(OS(=O)(=O)C(F)(F)F)cc32)CC1
CHEMBL241225	COc1ccccc1NC1CC[NH+](CCCCNC(=O)c2ccc3ccccc3c2)CC1
CHEMBL368578	C[NH+]1CCC(=C2c3cc(Br)ccc3C=Cn3cccc32)CC1
CHEMBL120512	C[NH+]1CCN(C2Cn3cccc3Sc3ccc(Cl)cc32)CC1
CHEMBL120512	CN1CCN(C2Cn3cccc3Sc3ccc(Cl)cc32)CC1
CHEMBL127317	COc1ccccc1N1CC[NH+](CCCCNC(=O)c2ccc3ccccc3n2)CC1
CHEMBL127317	COc1ccccc1N1CCN(CCCCNC(=O)c2ccc3ccccc3n2)CC1
CHEMBL154508	O=C(NCCCC[NH+]1CCN(c2cccc(Cl)c2Cl)CC1)c1ccc2ccccc2c1
CHEMBL154508	O=C(NCCCCN1CCN(c2cccc(Cl)c2Cl)CC1)c1ccc2ccccc2c1
CHEMBL553243	O=C1CNC(=O)N1CCCCC[NH+]1CCC2c3cc(F)ccc3N(c3ccc(F)cc3)C2C1
CHEMBL308524	CC[NH+]1CCCC1CNC(=O)c1c(O)c(I)cc(OC)c1OC
CHEMBL231156	O=C(NCC1CC1C[NH+]1CCN(c2cccc(Cl)c2Cl)CC1)c1ccc(-c2ccccn2)cc1
CHEMBL231156	O=C(NCC1CC1CN1CCN(c2cccc(Cl)c2Cl)CC1)c1ccc(-c2ccccn2)cc1
CHEMBL136711	O=C(CCC[NH+]1CCN2Cc3[nH]c4ccccc4c3CC2C1)c1ccc(F)cc1
CHEMBL136711	O=C(CCCN1CC[NH+]2Cc3[nH]c4ccccc4c3CC2C1)c1ccc(F)cc1
CHEMBL136711	O=C(CCCN1CCN2Cc3[nH]c4ccccc4c3CC2C1)c1ccc(F)cc1
CHEMBL126285	COc1ccccc1N1CC[NH+](CCCCN2C(=O)c3cccc4cccc(c34)C2=O)CC1
CHEMBL126285	COc1ccccc1N1CCN(CCCCN2C(=O)c3cccc4cccc(c34)C2=O)CC1
CHEMBL125580	COc1ccccc1N1CC[NH+](CCCCN2C(=O)c3cc4ccccc4cc3C2=O)CC1
CHEMBL125580	COc1ccccc1N1CCN(CCCCN2C(=O)c3cc4ccccc4cc3C2=O)CC1
CHEMBL1081587	Cc1ncoc1-c1nnc(SCCC[NH+]2CC3CC3(c3ccc(F)c(C(F)(F)F)c3)C2)n1C
CHEMBL322638	CCCN1CC(c2ccccc2)OC2c3cc(O)ccc3CCC21
CHEMBL542639	O=C1c2ccccc2C(=O)N1CCCC[NH+]1CCC2C(C1)c1cc(F)ccc1N2c1ccc(F)cc1
CHEMBL244946	Cc1ccc2c(-c3nnc(SCCC[NH+]4CCc5ccc(-c6cc(C)nn6C)cc5CC4)n3C)cccc2n1
CHEMBL562464	O=C1N(CC[NH+]2CC3CCC2Cc2ccccc2C3)CCN1c1cccc(Cl)c1
CHEMBL241210	O=C(NCCN1CCN(c2cccc(Cl)c2Cl)CC1)c1ccc(C#Cc2ccccc2)cc1
CHEMBL241210	O=C(NCC[NH+]1CCN(c2cccc(Cl)c2Cl)CC1)c1ccc(C#Cc2ccccc2)cc1
CHEMBL69717	O=C1c2ccccc2C(=O)N1CCCC[NH+]1CCN(c2cccc(Cl)c2Cl)CC1
CHEMBL69717	O=C1c2ccccc2C(=O)N1CCCCN1CCN(c2cccc(Cl)c2Cl)CC1
CHEMBL138998	CCC[NH+](CCCCN1C(=O)CC2(CCCC2)CC1=O)C1CCc2c(F)cccc2C1
CHEMBL569107	CCC[NH+](CCN1CCN(c2cccc3ncccc23)CC1)C1CCc2nc(N)sc2C1
CHEMBL569107	CCC[NH+](CCN1CCN(c2cccc3[nH+]cccc23)CC1)C1CCc2nc(N)sc2C1
CHEMBL188713	CCCC[NH+]1CCC2=C(CCc3ccccc32)C1
CHEMBL399164	CCC[NH+](CCN1CCN(c2ccccc2OC)CC1)C1CCc2c(O)cccc2C1
CHEMBL252343	CCC[NH+](CCN1CCN(c2ccccc2)CC1)C1CCc2ccc3c(c2C1)CC(=O)N3
CHEMBL208847	COc1ccccc1N1CC[NH+](CCCCNC(=O)c2cc3c4ccc(c3o2)CCc2ccc(cc2)CC4)CC1
CHEMBL208847	COc1ccccc1N1CCN(CCCCNC(=O)c2cc3c4ccc(c3o2)CCc2ccc(cc2)CC4)CC1
CHEMBL545436	O=C1CNC(=O)N1CCCCCC[NH+]1CCC2c3cc(F)ccc3N(c3ccc(F)cc3)C2C1
CHEMBL491652	COc1ccccc1N1CCN(C(O)CNC(=O)c2cc3ccccc3s2)CC1
CHEMBL90125	C[NH+](C)CC/C=C1\c2ccccc2Sc2ccc(Cl)cc21
CHEMBL199329	COc1ccc2onc(N3CC[NH+](CCCCNC(=O)c4ccc(-n5ccnc5)cc4)CC3)c2c1
CHEMBL199329	COc1ccc2onc(N3CCN(CCCCNC(=O)c4ccc(-n5ccnc5)cc4)CC3)c2c1
CHEMBL54177	C[NH+]1CCN(C2CC(c3ccc(Cl)c(Cl)c3)c3ccccc32)CC1
CHEMBL28573	CSc1c(Cl)nc(N2CC[NH+](C)CC2)nc1NCc1ccccc1
CHEMBL28573	CSc1c(Cl)nc(N2CCN(C)CC2)nc1NCc1ccccc1
CHEMBL16409	CCC[NH+](CCC)C1Cc2ccc(O)cc2C1
CHEMBL559459	CCC[NH+](CCN1CCN(C(=O)c2cc3ccccc3s2)CC1)C1CCc2c(O)cccc2C1
CHEMBL201557	CC(C)(C)c1nc(N2CCN(C/C=C/CN3C(=O)CCc4ccccc43)CC2)cc(C(F)(F)F)n1
CHEMBL201557	CC(C)(C)c1nc(N2CC[NH+](C/C=C/CN3C(=O)CCc4ccccc43)CC2)cc(C(F)(F)F)n1
CHEMBL484358	C#CC1=CCC([NH+](CCC)CCCCNC(=O)c2ccc(-c3ccccc3)cc2)CC1
CHEMBL199770	COc1ccc2c(c1)CCC1C[NH+](CCC3CCC(NC(=O)c4ccnc5ccccc45)CC3)CCN21
CHEMBL164940	O=c1[nH]c2ccccc2n1CCC[NH+]1CCC(c2noc3cc(F)ccc23)CC1
CHEMBL164940	Oc1nc2ccccc2n1CCC[NH+]1CCC(c2noc3cc(F)ccc23)CC1
CHEMBL66187	OC(CCC[NH+]1CCC2C(C1)c1cc(F)ccc1N2c1ccccc1)c1ccc(F)cc1
CHEMBL305743	CCC[NH+](CCC)C1CCc2cc(F)c3[nH]ccc3c2C1
CHEMBL195057	O=C(NC/C=C/CN1CCN(c2cccc(Cl)c2Cl)CC1)c1ccc(O)cc1
CHEMBL195057	O=C(NC/C=C/C[NH+]1CCN(c2cccc(Cl)c2Cl)CC1)c1ccc(O)cc1
CHEMBL301929	COc1c(C(=O)NCC2CCC[NH+]2C2C3CC4CC(C3)CC2C4)cc(Br)c2ccccc12
CHEMBL1223616	Clc1cccc(N2CC[NH+](CCCCNc3cccc[nH+]3)CC2)c1Cl
CHEMBL1223616	Clc1cccc(N2CC[NH+](CCCCNc3ccccn3)CC2)c1Cl
CHEMBL542376	O=C1CNC(=O)N1CCCCCC[NH+]1CCc2c(n(-c3ccc(F)cc3)c3ccc(F)cc23)C1
CHEMBL542376	O=C1CNC(=O)N1CCCCCCN1CCc2c(n(-c3ccc(F)cc3)c3ccc(F)cc23)C1
CHEMBL246439	Cc1[nH]c2ccccc2c1C[NH+]1CCC(O)(c2ccc(Cl)cc2)CC1
CHEMBL164604	C1=C(c2ccccc2)CC[NH+](CCC2CCC(Nc3ncccn3)CC2)C1
CHEMBL201743	CC(C)(C)c1nc(N2CC[NH+](CCCCn3c(=O)ccc4ccccc43)CC2)cc(C(F)(F)F)n1
CHEMBL379602	COc1ccccc1N1CCN(Cc2cnn(-c3ccccc3)c2)CC1
CHEMBL379602	COc1ccccc1N1CC[NH+](Cc2cnn(-c3ccccc3)c2)CC1
CHEMBL103857	CCC[NH+](CCC)C1CCc2ccsc2C1
CHEMBL156188	CC[NH+]1CCN(C)CC(NC(=O)c2cc(Cl)c(NC)cc2OC)C1
CHEMBL156188	CCN1CC[NH+](C)CC(NC(=O)c2cc(Cl)c(NC)cc2OC)C1
CHEMBL557829	CCOc1ccccc1N1CC[NH+](CCCCc2cc(-c3cccs3)no2)CC1
CHEMBL137884	Fc1ccc(C(OC2CC3CCC(C2)[NH+]3CCCCc2ccccc2)c2ccc(F)cc2)cc1
CHEMBL207871	CC(C)(C)c1nc(N2CC[NH+](CCCCNC(=O)CCc3ccccc3)CC2)cc(C(F)(F)F)n1
CHEMBL418854	COc1ccccc1N1CCC(C[NH2+]CC2COc3ccc(Cl)cc3O2)CC1
CHEMBL149233	O=C1COc2cc(CN3CCN(c4ccccc4)CC3)ccc2N1
CHEMBL149233	O=C1COc2cc(C[NH+]3CCN(c4ccccc4)CC3)ccc2N1
CHEMBL180319	C[NH+]1CCN(C2=Cn3cccc3Sc3sccc32)CC1
CHEMBL180319	CN1CCN(C2=Cn3cccc3Sc3sccc32)CC1
CHEMBL1085903	O=C1N(CC2CCCC[NH2+]2)CCN1c1cccc(C(F)(F)F)c1
CHEMBL231181	COc1ccccc1N1CC[NH+](CCCCOc2ccc(-c3cn4ccccc4[nH+]3)cc2)CC1
CHEMBL231181	COc1ccccc1N1CC[NH+](CCCCOc2ccc(-c3cn4ccccc4n3)cc2)CC1
CHEMBL240996	O=C1c2ccccc2CN1CCCC[NH+]1CCN(c2cccc(C(F)(F)F)c2)CC1
CHEMBL305019	O=C(NC/C=C\CN1CCN(c2cccc(Cl)c2Cl)CC1)c1cccc2c1-c1ccccc1C2
CHEMBL305019	O=C(NC/C=C\C[NH+]1CCN(c2cccc(Cl)c2Cl)CC1)c1cccc2c1-c1ccccc1C2
CHEMBL143352	COc1ccccc1N1CC[NH+](CCCCNC(=O)c2cccn3nccc23)CC1
CHEMBL143352	COc1ccccc1N1CCN(CCCCNC(=O)c2cccn3nccc23)CC1
CHEMBL493276	OC1(c2ccc(Cl)cc2)CC2CCC(C1)[NH+]2Cc1csc2ccccc12
CHEMBL65847	CCC[NH+](Cc1ccccc1)C1CCc2c(F)cccc2C1
CHEMBL65847	CCCN(Cc1ccccc1)C1CCc2c(F)cccc2C1
CHEMBL327263	CCC[NH+]1CCCC2c3cccc(OS(=O)(=O)C(F)(F)F)c3CCC21
CHEMBL54667	COc1c(C(=O)NC2CC[NH+](C3CCCCCC3)C2)cc(Br)c2ccccc12
CHEMBL416846	COc1c(C(=O)NC2CC[NH+](C3C4CCCC3CCC4)C2)cc(Br)c2ccccc12
CHEMBL831	CN1CCN(C2=Nc3ccccc3Oc3ccc(Cl)cc32)CC1
CHEMBL831	C[NH+]1CCN(C2=Nc3ccccc3Oc3ccc(Cl)cc32)CC1
CHEMBL316983	CCC[NH+](CCC)C1CCn2c(C=O)ccc2C1
CHEMBL342060	COc1ccccc1N1CC[NH+](CCCCNC(=O)c2ccn3nccc3c2)CC1
CHEMBL342060	COc1ccccc1N1CCN(CCCCNC(=O)c2ccn3nccc3c2)CC1
CHEMBL267930	O=C(CCC[NH+]1CCC2(CC1)C(=O)NCN2c1ccccc1)c1ccc(F)cc1
CHEMBL267930	O=C(CCCN1CCC2(CC1)C(=O)NCN2c1ccccc1)c1ccc(F)cc1
CHEMBL433741	COc1cccc(C(=O)NCCCC[NH+]2CCN(c3cccc(C)c3C)CC2)c1
CHEMBL152587	COc1cccc(C(=O)NCCCC[NH+]2CCN(c3nccc4ccccc34)CC2)c1
CHEMBL152587	COc1cccc(C(=O)NCCCCN2CCN(c3[nH+]ccc4ccccc34)CC2)c1
CHEMBL245764	COc1ccc2c(c1)c1c(n2C)Cc2ccccc2CC[NH+](C)CC1
CHEMBL343755	CC1CC(C)N1C(=O)C1C=C2c3cccc4[nH]cc(c34)CC2N(C)C1
CHEMBL343755	CC1CC(C)N1C(=O)C1C=C2c3cccc4[nH]cc(c34)CC2[NH+](C)C1
CHEMBL240271	O=S(=O)(NC1CCC(CC[NH+]2CCC(Cc3cccc(C(F)(F)F)c3)CC2)CC1)c1ccc(-n2cccn2)cc1
CHEMBL549350	CCC[NH+](CCN1CCN(Cc2cc3ccccc3[nH]2)CC1)C1CCc2ccc(O)cc2C1
CHEMBL549350	CCC[NH+](CCN1CC[NH+](Cc2cc3ccccc3[nH]2)CC1)C1CCc2ccc(O)cc2C1
CHEMBL239847	COc1ccc(S(=O)(=O)NC2CCC(CC[NH+]3CCN(c4ccc(Br)cc4OC)CC3)CC2)cc1
CHEMBL362101	O=C(NCCCC[NH+]1CCN(c2cccc(Cl)c2Cl)CC1)c1ccc(I)s1
CHEMBL362101	O=C(NCCCCN1CCN(c2cccc(Cl)c2Cl)CC1)c1ccc(I)s1
CHEMBL51959	COc1c(C(=O)NC2CC[NH+](Cc3ccccc3)CC2)cc(Br)c2ccccc12
CHEMBL85606	N#Cc1ccc2c(c1)CCN(CCC1CCC(NC(=O)c3ccnc4ccccc34)CC1)C2
CHEMBL476028	O=C(NCC(O)N1CCN(c2cccc(Cl)c2Cl)CC1)c1cc2ccccc2o1
CHEMBL240589	O=C(/C=C/c1ccccc1)NCCCC[NH+]1CCc2ccccc2C1
CHEMBL240589	O=C(/C=C/c1ccccc1)NCCCCN1CCc2ccccc2C1
CHEMBL78406	O=C(NC1CCC(CC[NH+]2CCN(c3ccccn3)CC2)CC1)c1cccs1
CHEMBL78406	O=C(NC1CCC(CCN2CCN(c3cccc[nH+]3)CC2)CC1)c1cccs1
CHEMBL142535	CCC[NH+](CCc1ccc(Br)cc1)C1Cc2cc(OC)c(OC)cc2C1
CHEMBL110489	C(#Cc1ccncc1)CC[NH+]1CC=C(c2ccccc2)CC1
CHEMBL110489	C(#Cc1ccncc1)CCN1CC=C(c2ccccc2)CC1
CHEMBL484202	C#CC1=CCC([NH+](CCC)CCCCn2cc(-c3ccc(-c4ccccc4)cc3)nn2)CC1
CHEMBL202175	CC(C)(C)c1ccn(CCCC[NH+]2CCN(c3cc(C(F)(F)F)nc(C(C)(C)C)n3)CC2)c(=O)n1
CHEMBL202175	CC(C)(C)c1ccn(CCCCN2CCN(c3cc(C(F)(F)F)nc(C(C)(C)C)n3)CC2)c(=O)n1
CHEMBL1172213	OC1(c2ccc(Br)cc2)CC[NH+](Cc2coc3ccccc23)CC1
CHEMBL485128	CCCN1CCOC2c3cc4c(cc3CCC21)COC4=O
CHEMBL485128	CCC[NH+]1CCOC2c3cc4c(cc3CCC21)COC4=O
CHEMBL484732	CCCN1CCOC2c3cc4c(cc3CCC21)CCNC4=O
CHEMBL484732	CCC[NH+]1CCOC2c3cc4c(cc3CCC21)CCNC4=O
CHEMBL109101	Nc1ccc(C#CCC[NH+]2CC=C(c3ccccc3)CC2)nc1
CHEMBL109101	Nc1ccc(C#CCCN2CC=C(c3ccccc3)CC2)nc1
CHEMBL1172214	O=c1[nH]c2ccccc2n1C1CC[NH+](Cc2coc3ccccc23)CC1
CHEMBL368961	O=C(NC/C=C/CN1CCN(c2cccc(Cl)c2Cl)CC1)c1ccc(-c2ncccn2)cc1
CHEMBL368961	O=C(NC/C=C/C[NH+]1CCN(c2cccc(Cl)c2Cl)CC1)c1ccc(-c2ncccn2)cc1
CHEMBL556269	CCC[NH+](CCN1CCN(C(=O)c2ccc3[nH]ccc3c2)CC1)C1CCc2c(O)cccc2C1
CHEMBL221640	COc1ccccc1N1CC[NH+](CCCCNC(=O)c2ccc(-c3ccc(F)nc3)cc2)CC1
CHEMBL221640	COc1ccccc1N1CCN(CCCCNC(=O)c2ccc(-c3ccc(F)nc3)cc2)CC1
CHEMBL127114	COc1ccccc1N1CC[NH+](CCCCNC(=O)C2CC2c2ccccc2)CC1
CHEMBL77411	O=C(NC1CCC(CC[NH+]2CCN(c3cccc(Cl)c3Cl)CC2)CC1)C12CC3CC(CC(C3)C1)C2
CHEMBL99198	O=C(NCCCC[NH+]1CCCC2c3cccc(O)c3CCC21)c1ccc(-c2ccccc2)cc1
CHEMBL374749	O=C(NCCCC[NH+]1CCN(c2ccccc2Cl)CC1)c1ccc(-c2ccccc2)cc1
CHEMBL374749	O=C(NCCCCN1CCN(c2ccccc2Cl)CC1)c1ccc(-c2ccccc2)cc1
CHEMBL201481	CC(C)(C)c1nc(N2CC[NH+](CCCCN3CCC(=O)CCC3=O)CC2)cc(C(F)(F)F)n1
CHEMBL201481	CC(C)(C)c1nc(N2CCN(CCCCN3CCC(=O)CCC3=O)CC2)cc(C(F)(F)F)n1
CHEMBL382591	CC(C)(C)c1nc(N2CC[NH+](CCCCN3C(=O)COc4ccccc43)CC2)cc(C(F)(F)F)n1
CHEMBL382591	CC(C)(C)c1nc(N2CCN(CCCCN3C(=O)COc4ccccc43)CC2)cc(C(F)(F)F)n1
CHEMBL243224	CCOc1ccccc1N1CC[NH+](CCCC2CC(c3ccc(OC)c(OC)c3)=NO2)CC1
CHEMBL243224	CCOc1ccccc1N1CCN(CCCC2CC(c3ccc(OC)c(OC)c3)=NO2)CC1
CHEMBL420748	CCC[NH+](CCCOc1cccc(Cl)c1)C1CCc2ccc3[nH]ccc3c2C1
CHEMBL306197	CCC[NH+](CCCc1ccccc1OC)C1CCc2ccc3[nH]ccc3c2C1
CHEMBL334529	CCC[NH+](CCC)C1CCc2cc(CS(=O)(=O)c3ccc(OC)cc3)ccc2C1
CHEMBL93868	C[NH+](C)CCc1cn(S(=O)(=O)c2ccccc2)c2ccccc12
CHEMBL54865	COc1c(C(=O)NC2CC[NH+](C3CCCCC3)C2)cc(Br)c2ccccc12
CHEMBL126280	COc1ccccc1N1CC[NH+](CCCCNC(=O)/C=C/c2ccsc2)CC1
CHEMBL126280	COc1ccccc1N1CCN(CCCCNC(=O)/C=C/c2ccsc2)CC1
CHEMBL54866	COc1cc(I)cc(C(=O)NC2CC3CCCC(C2)[NH+]3Cc2ccccc2)c1OC
CHEMBL152010	O=C(NCCCC[NH+]1CCN(c2cccc(Cl)c2Cl)CC1)c1n[nH]c2ccccc12
CHEMBL152010	O=C(NCCCCN1CCN(c2cccc(Cl)c2Cl)CC1)c1n[nH]c2ccccc12
CHEMBL348252	O=C(Cc1cc2ccccc2s1)NCCCC[NH+]1CCN(c2cccc(Cl)c2Cl)CC1
CHEMBL348252	O=C(Cc1cc2ccccc2s1)NCCCCN1CCN(c2cccc(Cl)c2Cl)CC1
CHEMBL135954	CCC[NH+](CCc1cccs1)C1CCc2ccc(O)cc2C1
CHEMBL126749	COc1ccccc1N1CC[NH+](CCCCNC(=O)/C=C/c2ccc3ccccc3c2)CC1
CHEMBL126749	COc1ccccc1N1CCN(CCCCNC(=O)/C=C/c2ccc3ccccc3c2)CC1
CHEMBL333794	CCN1CCOC2c3cccc4[nH]cc(c34)CC21
CHEMBL333794	CC[NH+]1CCOC2c3cccc4[nH]cc(c34)CC21
CHEMBL350575	Cc1[nH]c2ccccc2c1CCC[NH+]1CCC(c2noc3cc(F)ccc23)CC1
CHEMBL301242	O=C(NCCCC[NH+]1CCN(c2cccc(Cl)c2Cl)CC1)c1cccc2c1-c1ccccc1C2=O
CHEMBL301242	O=C(NCCCCN1CCN(c2cccc(Cl)c2Cl)CC1)c1cccc2c1-c1ccccc1C2=O
CHEMBL69943	CCC[NH+](CCCCN1C(=O)CC(C)(C)CC1=O)C1CCc2ccc3[nH]ccc3c2C1
CHEMBL126746	COc1ccccc1N1CC[NH+](CCCCNC(=O)/C=C/c2ccc(-c3ccccc3)cc2)CC1
CHEMBL126746	COc1ccccc1N1CCN(CCCCNC(=O)/C=C/c2ccc(-c3ccccc3)cc2)CC1
CHEMBL129767	COc1ccccc1N1CC[NH+](CCCCNC(=O)/C=C/C=C/c2ccccc2)CC1
CHEMBL129767	COc1ccccc1N1CCN(CCCCNC(=O)/C=C/C=C/c2ccccc2)CC1
CHEMBL195762	Cc1nc(-c2cccc(C(=O)NC3CCC(CC[NH+]4CCc5ccc(S(C)(=O)=O)cc5CC4)CC3)c2)no1
CHEMBL239539	O=C(NCCCC[NH+]1CCN(C(c2ccccc2)c2ccc(Cl)cc2)CC1)C1CCCCC1
CHEMBL1223749	Clc1cccc(N2CC[NH+](CCCCNc3[nH+]ccc4ccccc34)CC2)c1Cl
CHEMBL1223749	Clc1cccc(N2CC[NH+](CCCCNc3nccc4ccccc34)CC2)c1Cl
CHEMBL93186	CCC[NH+](CCC)C1CCc2ccc3ccoc3c2C1
CHEMBL465696	C[NH+]1CCc2cc(-c3cccc4c3oc3ccccc34)cc3c2C1Cc1ccc(O)c(O)c1-3
CHEMBL465696	CN1CCc2cc(-c3cccc4c3oc3ccccc34)cc3c2C1Cc1ccc(O)c(O)c1-3
CHEMBL338552	COc1ccccc1N1CC[NH+](CCCCNC(=O)/C=C/c2cccs2)CC1
CHEMBL338552	COc1ccccc1N1CCN(CCCCNC(=O)/C=C/c2cccs2)CC1
CHEMBL152734	COc1ccc2cc(CC(=O)NCCCC[NH+]3CCN(c4cccc(Cl)c4Cl)CC3)oc2c1
CHEMBL152734	COc1ccc2cc(CC(=O)NCCCCN3CCN(c4cccc(Cl)c4Cl)CC3)oc2c1
CHEMBL543100	O=C1CCCCN1CCCC[NH+]1CCC2C(C1)c1cc(F)ccc1N2c1ccc(F)cc1
CHEMBL274491	CNc1cc(OC)c(C(=O)NC2CC[NH+](Cc3ccccc3)C2C)cc1Cl
CHEMBL68422	CC1CCc2cccc3c2C1Cc1ccc(O)c(O)c1-3
CHEMBL836	CCOc1ccccc1OCC[NH2+]C(C)Cc1ccc(OC)c(S(N)(=O)=O)c1
CHEMBL95075	C=CC[NH+]1CCc2cccc3c2C1Cc1cccc(O)c1-3
CHEMBL95075	C=CCN1CCc2cccc3c2C1Cc1cccc(O)c1-3
CHEMBL202858	CCN(CC)C(=O)NCCCC[NH+]1CCN(c2cc(C(F)(F)F)nc(C(C)(C)C)n2)CC1
CHEMBL202857	CC(C)(C)c1nc(N2CC[NH+](CCCCNC(=O)NCC3CCCCC3)CC2)cc(C(F)(F)F)n1
CHEMBL93780	O=C1Cc2c(ccc3c2OC(C[NH2+]Cc2ccccc2)CC3)N1
CHEMBL57241	OC(CCC[NH+]1CCc2c(c3cc(F)ccc3n2-c2ccc(F)cc2)C1)c1ccc(F)cc1
CHEMBL57241	OC(CCCN1CCc2c(c3cc(F)ccc3n2-c2ccc(F)cc2)C1)c1ccc(F)cc1
CHEMBL12713	O=C1NCCN1CC[NH+]1CCC(c2cn(-c3ccc(F)cc3)c3ccc(Cl)cc23)CC1
CHEMBL370110	CN1CCc2c(sc3ncn(CC[NH+]4CCN(c5cncc6ccccc56)CC4)c(=O)c23)C1
CHEMBL370110	CN1CCc2c(sc3ncn(CCN4CCN(c5cncc6ccccc56)CC4)c(=O)c23)C1
CHEMBL272150	Cc1ccc2c(-c3nnc(SCCC[NH+]4CCc5ccc6oc(C(F)(F)F)nc6c5CC4)n3C)cccc2n1
CHEMBL549894	CC(C)[NH+]1CCN(CCN2CCN(c3cccc(OC(F)(F)F)c3)C2=O)CC1
CHEMBL179025	O=C(NC/C=C/CN1CCN(c2cccc(Cl)c2Cl)CC1)c1ccccn1
CHEMBL179025	O=C(NC/C=C/C[NH+]1CCN(c2cccc(Cl)c2Cl)CC1)c1ccccn1
CHEMBL315560	CC[NH+](CC)CCCOc1ccc(-c2nc3ccccc3n2C/C=C/Cn2c(-c3ccc(OC)cc3)nc3ccccc32)cc1
CHEMBL315560	CC[NH+](CC)CCCOc1ccc(-c2nc3ccccc3n2C/C=C/Cn2c(-c3ccc(OC)cc3)[nH+]c3ccccc32)cc1
CHEMBL315560	CC[NH+](CC)CCCOc1ccc(-c2[nH+]c3ccccc3n2C/C=C/Cn2c(-c3ccc(OC)cc3)nc3ccccc32)cc1
CHEMBL1080046	CCCCc1ccc(S(=O)(=O)Nc2ccc3c(c2)CCN(Cc2cc[nH]n2)CC3)cc1
CHEMBL1080046	CCCCc1ccc(S(=O)(=O)Nc2ccc3c(c2)CCN(Cc2ccn[nH]2)CC3)cc1
CHEMBL1080046	CCCCc1ccc(S(=O)(=O)Nc2ccc3c(c2)CC[NH+](Cc2cc[nH]n2)CC3)cc1
CHEMBL1080046	CCCCc1ccc(S(=O)(=O)Nc2ccc3c(c2)CC[NH+](Cc2ccn[nH]2)CC3)cc1
CHEMBL366904	O=C(NC/C=C/CN1CCN(c2cccc(Cl)c2Cl)CC1)c1cc2ccccc2o1
CHEMBL366904	O=C(NC/C=C/C[NH+]1CCN(c2cccc(Cl)c2Cl)CC1)c1cc2ccccc2o1
CHEMBL142481	CCC[NH+](CCc1ccsc1)C1Cc2cc(OC)c(OC)cc2C1
CHEMBL219916	O=c1[nH]c2ccccc2n1CCC[NH+]1CCC(n2c(=O)[nH]c3cc(Cl)ccc32)CC1
CHEMBL88365	Oc1cccc(N2CCN(Cc3ccccc3)CC2)c1
CHEMBL88365	Oc1cccc(N2CC[NH+](Cc3ccccc3)CC2)c1
CHEMBL179351	O=C(NC/C=C/CN1CCN(c2cccc(Cl)c2Cl)CC1)c1ccc(-c2ncc[nH]2)cc1
CHEMBL179351	O=C(NC/C=C/CN1CCN(c2cccc(Cl)c2Cl)CC1)c1ccc(-c2[nH]cc[nH+]2)cc1
CHEMBL179351	O=C(NC/C=C/C[NH+]1CCN(c2cccc(Cl)c2Cl)CC1)c1ccc(-c2ncc[nH]2)cc1
CHEMBL175838	O=C(NC/C=C/CN1CCN(c2cccc(Cl)c2Cl)CC1)c1cccnc1
CHEMBL175838	O=C(NC/C=C/C[NH+]1CCN(c2cccc(Cl)c2Cl)CC1)c1cccnc1
CHEMBL542529	O=C(CCCN1CCc2c(c3cc(F)ccc3n2-c2ccc(F)cc2)C1)c1ccc(F)cc1
CHEMBL542529	O=C(CCC[NH+]1CCc2c(c3cc(F)ccc3n2-c2ccc(F)cc2)C1)c1ccc(F)cc1
CHEMBL42055	OCCN1CC[NH+](CC/C=C2\c3ccccc3Sc3ccc(C(F)(F)F)cc32)CC1
CHEMBL42055	OCCN1CCN(CC/C=C2\c3ccccc3Sc3ccc(C(F)(F)F)cc32)CC1
CHEMBL42055	OCC[NH+]1CCN(CC/C=C2\c3ccccc3Sc3ccc(C(F)(F)F)cc32)CC1
CHEMBL424690	CC(C)(C)c1nc(N2CC[NH+](CCCCCC(=O)NCc3ccccc3)CC2)cc(C(F)(F)F)n1
CHEMBL157293	C#CCN(CCCC[NH+]1CCN(c2ccccc2)CC1)C1CCc2ccc(O)cc2C1
CHEMBL157293	C#CC[NH+](CCCC[NH+]1CCN(c2ccccc2)CC1)C1CCc2ccc(O)cc2C1
CHEMBL340173	COc1ccccc1N1CC[NH+](CCCCNC(=O)CCc2ccccc2)CC1
CHEMBL239493	O=C(NCCCC[NH+]1CCC(=C2c3ccc(Cl)cc3CCc3cccnc32)CC1)c1ccc2ccccc2c1
CHEMBL68860	O=C(NCCC[NH+]1CCN(c2cccc(Cl)c2Cl)CC1)C1c2ccccc2-c2ccccc21
CHEMBL68860	O=C(NCCCN1CCN(c2cccc(Cl)c2Cl)CC1)C1c2ccccc2-c2ccccc21
CHEMBL542375	O=C(NCCCCCC[NH+]1CCc2c(c3cc(F)ccc3n2-c2ccc(F)cc2)C1)c1ccccc1
CHEMBL542375	O=C(NCCCCCCN1CCc2c(c3cc(F)ccc3n2-c2ccc(F)cc2)C1)c1ccccc1
CHEMBL239706	O=C(NCCCC[NH+]1CCC(=C2c3ccc(Cl)cc3CCc3cccnc32)CC1)c1cc2ccccc2s1
CHEMBL564709	COc1ccc(N2CCN(Cc3c(C)nc4cc(C)nc(C)n34)CC2)cc1
CHEMBL126590	COc1ccccc1N1CC[NH+](CCCCNC(=O)c2nc3ccccc3n3cccc23)CC1
CHEMBL126590	COc1ccccc1N1CCN(CCCCNC(=O)c2nc3ccccc3n3cccc23)CC1
CHEMBL496531	O=C1c2cc3ccccc3n2CCN1CCCC[NH+]1CCN(c2cccc(Cl)c2Cl)CC1
CHEMBL496531	O=C1c2cc3ccccc3n2CCN1CCCCN1CCN(c2cccc(Cl)c2Cl)CC1
CHEMBL322067	C[NH+](C)CC1C2CCC(CC2)C1c1ccc(Cl)c(Cl)c1
CHEMBL127230	COc1ccccc1N1CC[NH+](CCCCNC(=O)/C=C/c2ccc(Oc3ccccc3)cc2)CC1
CHEMBL127230	COc1ccccc1N1CCN(CCCCNC(=O)/C=C/c2ccc(Oc3ccccc3)cc2)CC1
CHEMBL142197	CCC[NH+](CCCc1ccccc1)C1Cc2cc(OC)c(OC)cc2C1
CHEMBL125525	COc1ccccc1N1CC[NH+](CCCCNC(=O)c2coc3ccccc3c2=O)CC1
CHEMBL125525	COc1ccccc1N1CCN(CCCCNC(=O)c2coc3ccccc3c2=O)CC1
CHEMBL131997	Cc1ccc(OCC[NH2+]CCCOc2ccccc2)cc1Cl
CHEMBL1171630	O=C1N(Cc2cn(CCF)nn2)CN(c2ccccc2)C12CC[NH+](Cc1coc3ccccc13)CC2
CHEMBL1171630	O=C1N(Cc2cn(CCF)nn2)CN(c2ccccc2)C12CCN(Cc1coc3ccccc13)CC2
CHEMBL118636	CCC[NH+](CCC)C1Cc2ccc3nc(N)sc3c2C1
CHEMBL422788	Cc1cc2ccc(OCCC[NH+]3CCN(c4ccccc4)CC3)cc2oc1=O
CHEMBL422788	Cc1cc2ccc(OCCCN3CCN(c4ccccc4)CC3)cc2oc1=O
CHEMBL78195	O=C(NC1CCC(CC[NH+]2CCN(c3cccc(Cl)c3Cl)CC2)CC1)C1CCCCCC1
CHEMBL556685	CCC[NH+](CCN1CCN(C(=O)c2c[nH]c3ccccc23)CC1)C1CCc2c(O)cccc2C1
CHEMBL1224699	COc1cc(C23C[NH2+]CC2C3)ccc1NS(=O)(=O)c1ccc(C(C)C)cc1
CHEMBL28321	COc1ccccc1N1CCN(Cc2ccn(-c3ccccc3)c2)CC1
CHEMBL28321	COc1ccccc1N1CC[NH+](Cc2ccn(-c3ccccc3)c2)CC1
CHEMBL88289	FC(F)(F)c1nc2c(N3CCN(Cc4ccccc4)CC3)cccc2[nH]1
CHEMBL88289	FC(F)(F)c1nc2c(N3CC[NH+](Cc4ccccc4)CC3)cccc2[nH]1
CHEMBL325710	CCC[NH+](CCC)C1Cc2cc3nc(N)sc3cc2C1
CHEMBL90882	C[NH+]1CCN(C2=Cc3ccccc3Oc3ccc(Cl)cc32)CC1
CHEMBL90882	CN1CCN(C2=Cc3ccccc3Oc3ccc(Cl)cc32)CC1
CHEMBL554016	Fc1ccccc1N1CC[NH+](CCCCc2cc(/C=C/c3ccccc3)no2)CC1
CHEMBL188584	O=C(NCCCC[NH+]1CCC2=C(CCc3ccccc32)C1)c1ccc2ccccc2c1
CHEMBL430371	O=C(NCCCC[NH+]1CCC(=C2c3ccccc3CC(=O)c3sccc32)CC1)c1ccc2ccccc2c1
CHEMBL495572	Clc1cccc(N2CC[NH+](CCCCCOc3cc4ccccc4cn3)CC2)c1Cl
CHEMBL495572	Clc1cccc(N2CCN(CCCCCOc3cc4ccccc4cn3)CC2)c1Cl
CHEMBL14668	CCc1cc2c(s1)Nc1ccc(F)cc1N=C2N1CCN(C)CC1
CHEMBL14668	CCc1cc2c(s1)Nc1ccc(F)cc1N=C2N1CC[NH+](C)CC1
CHEMBL152304	O=C(NCCCC[NH+]1CCN(c2cccc(Cl)c2Cl)CC1)c1ccnc2ccccc12
CHEMBL152304	O=C(NCCCCN1CCN(c2cccc(Cl)c2Cl)CC1)c1ccnc2ccccc12
CHEMBL300620	COC(=O)C(c1ccc2ccccc2c1)C1CCCC[NH2+]1
CHEMBL341542	COc1ccccc1N1CC[NH+](CCCCNC(=O)/C=C/c2cccnc2)CC1
CHEMBL341542	COc1ccccc1N1CCN(CCCCNC(=O)/C=C/c2cccnc2)CC1
CHEMBL126128	COc1ccccc1N1CC[NH+](CCCCNC(=O)/C=C/c2ccccc2)CC1
CHEMBL126128	COc1ccccc1N1CCN(CCCCNC(=O)/C=C/c2ccccc2)CC1
CHEMBL426425	O=C(NCCCC[NH+]1CCN2c3ccccc3CCC2C1)c1ccc(-c2ccccc2)cc1
CHEMBL193577	Cc1ccc(CC2(O)CC[NH+](CCCC(=O)c3ccc(F)cc3)CC2)cc1
CHEMBL102490	CS(=O)(=O)[N-]c1cc(OCC[NH2+]Cc2cccs2)ccc1Cl
CHEMBL102490	CS(=O)(=O)[N-]c1cc(OCCNCc2cccs2)ccc1Cl
CHEMBL140184	CCC[NH+](CCC)C1CCc2cc3c(cc2C1)OCC3
CHEMBL53778	COc1c(C(=O)NC2CC[NH+](C3CCCC3)C2)cc(Br)c2ccccc12
CHEMBL309623	O=C(NC1CCC(CC[NH+]2CCN(c3ccccc3)CC2)CC1)C1CCCCC1
CHEMBL351954	Fc1ccc(C(CCC[NH+]2CCC(c3noc4cc(F)ccc34)CC2)c2ccc(F)cc2)cc1
CHEMBL492664	CCC[NH+](CCCCNC(=O)c1ccc2ccccc2c1)C1CCc2nc(N)sc2C1
CHEMBL205497	CC(C)(C)c1nc(N2CC[NH+](CCCCNC(=O)Nc3ccccc3)CC2)cc(C(F)(F)F)n1
CHEMBL196476	COc1cccc2cc(C(=O)NCCCC[NH+]3CCN(c4cccc(Cl)c4Cl)CC3)oc12
CHEMBL196476	COc1cccc2cc(C(=O)NCCCCN3CCN(c4cccc(Cl)c4Cl)CC3)oc12
CHEMBL414838	O=C(NC/C=C/CN1CCN(c2cccc(Cl)c2Cl)CC1)c1ccc(-c2cccnc2)cc1
CHEMBL414838	O=C(NC/C=C/C[NH+]1CCN(c2cccc(Cl)c2Cl)CC1)c1ccc(-c2cccnc2)cc1
CHEMBL94050	COc1cc(NC(=O)C2CC2)c(Cl)cc1C(=O)NC1CC[NH+](C2C3CCCC2CCC3)C1
CHEMBL210578	O=C(CCC[NH+]1C2CCC1CC(O)(c1ccc(Cl)cc1)C2)c1ccc(F)cc1
CHEMBL468017	CCC[NH+](CCN1CCN(c2cccc(Cl)c2Cl)CC1)C1CCc2nc(N)sc2C1
CHEMBL468022	CCC[NH+](CCCC[NH+]1CCN(c2ccccc2)CC1)C1CCc2nc(N)sc2C1
CHEMBL468022	CCC[NH+](CCCCN1CCN(c2ccccc2)CC1)C1CCc2nc(N)sc2C1
CHEMBL561307	CCC[NH+](CCN1CCN(C(=O)c2n[nH]c3ccccc23)CC1)C1CCc2c(O)cccc2C1
CHEMBL340126	COc1ccccc1N1CC[NH+](CCCCNC(=O)C2Cc3ccccc3CN2)CC1
CHEMBL64508	Oc1cccc(OCC[NH2+]Cc2ccccc2)c1
CHEMBL552366	O=C1N(CC[NH+]2Cc3ccccc3C2)CCN1Cc1cccc(C(F)(F)F)c1
CHEMBL708	O=C1Cc2cc(CC[NH+]3CCN(c4nsc5ccccc45)CC3)c(Cl)cc2N1
CHEMBL708	O=C1Cc2cc(CCN3CCN(c4nsc5ccccc45)CC3)c(Cl)cc2N1
CHEMBL298759	COc1c(C(=O)NCC2CCC[NH+]2C2CCC2)cc(Br)c2ccccc12
CHEMBL192481	CCC[NH+]1CCCC2Cc3n[nH]cc3CC21
CHEMBL192481	CCC[NH+]1CCCC2Cc3[nH]ncc3CC21
CHEMBL110365	COc1ccccc1N1CC[NH+](CCCCNC(=O)c2ccc3c(c2)Cc2ccccc2-3)CC1
CHEMBL110365	COc1ccccc1N1CCN(CCCCNC(=O)c2ccc3c(c2)Cc2ccccc2-3)CC1
CHEMBL393365	C#Cc1ccc(C(=O)NCCCCC[NH+]2CCN(c3cccc(Cl)c3Cl)CC2)cc1
CHEMBL393365	C#Cc1ccc(C(=O)NCCCCCN2CCN(c3cccc(Cl)c3Cl)CC2)cc1
CHEMBL207880	CC(C)(C)c1nc(N2CC[NH+](CCCCn3ccc(-c4ccccc4)cc3=O)CC2)cc(C(F)(F)F)n1
CHEMBL241226	COc1ccccc1NC1CC[NH+](CCCCNC(=O)/C=C/c2ccccc2)CC1
CHEMBL519240	Nc1nc(N2CC[NH2+]CC2)c2c([nH+]1)C1=C(CC2)OC2CCCCC12
CHEMBL519240	Nc1nc2c(c(N3CC[NH2+]CC3)n1)CCC1=C2C2CCCCC2O1
CHEMBL519240	Nc1nc2c(c(N3CC[NH2+]CC3)[nH+]1)CCC1=C2C2CCCCC2O1
CHEMBL377299	CC(C)(C)c1nc(N2CC[NH+](CCCCNC(=O)NCCc3ccccc3)CC2)cc(C(F)(F)F)n1
CHEMBL551959	CCC[NH+](CCN1CCN(c2ccc3[nH]ccc3c2)CC1)C1CCc2ccc(O)cc2C1
CHEMBL551960	CCC[NH+](CCN1CCN(C(=O)c2cc3ccccc3[nH]2)CC1)C1CCc2c(O)cccc2C1
CHEMBL399833	O=S(=O)(NC1CCC(CC[NH+]2CCC(Cc3cccc(C(F)(F)F)c3)CC2)CC1)c1ccc(Cl)cc1
CHEMBL341299	COc1ccccc1N1CC[NH+](CCCCNC(=O)/C=C/c2ccco2)CC1
CHEMBL341299	COc1ccccc1N1CCN(CCCCNC(=O)/C=C/c2ccco2)CC1
CHEMBL50465	COc1c(C(=O)NC2CC[NH+](Cc3ccccc3)C2)cc(Br)c2ccccc12
CHEMBL568822	CCC[NH+](CCN1CCN(c2cccc3ncccc23)CC1)C1CCc2ccc(O)cc2C1
CHEMBL568822	CCC[NH+](CCN1CCN(c2cccc3[nH+]cccc23)CC1)C1CCc2ccc(O)cc2C1
CHEMBL240051	O=S(=O)(NC1CCC(CC[NH+]2CCC(Nc3cc(Cl)ccc3Cl)CC2)CC1)c1ccc(F)cc1
CHEMBL240378	O=C1c2ccccc2C(=O)N1CCCC[NH+]1CCN(C(c2ccccc2)c2ccc(Cl)cc2)CC1
CHEMBL306672	O=C1c2ccccc2C(=O)N1CCCCC[NH+]1CCN(c2cccc(Cl)c2Cl)CC1
CHEMBL306672	O=C1c2ccccc2C(=O)N1CCCCCN1CCN(c2cccc(Cl)c2Cl)CC1
CHEMBL523719	OC1(c2ccc(Cl)c(Cl)c2)CC2CCC(C1)[NH+]2Cc1c[nH]c2ccccc12
CHEMBL210567	COc1ccccc1N1CC[NH+](CCCCNC(=O)c2cc3ccc2CCc2ccc(cc2)CC3)CC1
CHEMBL210567	COc1ccccc1N1CCN(CCCCNC(=O)c2cc3ccc2CCc2ccc(cc2)CC3)CC1
CHEMBL538723	CCOc1ccccc1N1CC[NH+](CCCCc2cc(-c3ccc(OC)c(OC)c3)no2)CC1
CHEMBL544039	O=C(CCC[NH+]1CCC2C(C1)c1cc(F)ccc1N2c1ccc(F)cc1)Nc1ccccc1
CHEMBL40903	CC[NH+]1CCN(C)CC(NC(=O)c2cc(Br)c(NC)nc2OC)C1
CHEMBL40903	CCN1CC[NH+](C)CC(NC(=O)c2cc(Br)c(NC)nc2OC)C1
CHEMBL63789	CC[NH+]1CCC2C(C1)c1cc(F)ccc1N2c1ccc(F)cc1
CHEMBL175734	O=C(NC/C=C/CN1CCN(c2cccc(Cl)c2Cl)CC1)c1cc2ccccc2s1
CHEMBL175734	O=C(NC/C=C/C[NH+]1CCN(c2cccc(Cl)c2Cl)CC1)c1cc2ccccc2s1
CHEMBL163087	CCC[NH+](CCC)C1CC=C(C#C[Si](C)(C)C)CC1
CHEMBL148794	O=C(CCC[NH+]1CCCC(O)(c2ccc(Cl)cc2)CC1)c1ccc(F)cc1
CHEMBL336930	COc1ccccc1N1CC[NH+](CCCCNC(=O)c2ccc3ccnn3c2)CC1
CHEMBL336930	COc1ccccc1N1CCN(CCCCNC(=O)c2ccc3ccnn3c2)CC1
CHEMBL1079480	Cc1cnc(-c2nnc(SCCC[NH+]3CC4CC4(c4ccc(C(F)(F)F)cc4)C3)n2C)cn1
CHEMBL490038	O=C(NCC=[N+]1CCN(c2cccc(Cl)c2Cl)CC1)c1cc2ccccc2o1
CHEMBL489839	O=C(NCC=[N+]1CCN(c2cccc(Cl)c2Cl)CC1)c1cc2ccccc2[nH]1
CHEMBL562833	CC1(C)C2CCC13CC[NH+](CCN1CCN(c4cccc(Cl)c4)C1=O)C3C2
CHEMBL559873	O=C1N(CC[NH+]2CCCc3sccc3C2)CCN1c1cccc(Cl)c1
CHEMBL456233	O=C(NCCCC[NH+]1CCN(c2ccccc2OCCF)CC1)c1ccc(-n2ccnc2)cc1
CHEMBL456233	O=C(NCCCCN1CCN(c2ccccc2OCCF)CC1)c1ccc(-n2ccnc2)cc1
CHEMBL423735	COc1ccccc1N1CC[NH+](CCCCNC(=O)c2cnn3ccccc23)CC1
CHEMBL423735	COc1ccccc1N1CCN(CCCCNC(=O)c2cnn3ccccc23)CC1
CHEMBL148627	O=C(CCC[NH+]1CCC(c2ccc(Cl)cc2)C1)c1ccc(F)cc1
CHEMBL561763	CSc1ccccc1N1CC[NH+](CCCNC(=O)c2cnn3ccccc23)CC1
CHEMBL561763	CSc1ccccc1N1CCN(CCCNC(=O)c2cnn3ccccc23)CC1
CHEMBL497988	Clc1cccc(N2CC[NH+](CCCCOc3ccc4cccnc4c3)CC2)c1Cl
CHEMBL497988	Clc1cccc(N2CCN(CCCCOc3ccc4cccnc4c3)CC2)c1Cl
CHEMBL350352	Clc1cccc(N2CC[NH+](CCC3CCC(Nc4ncccn4)CC3)CC2)c1Cl
CHEMBL314952	O=C1Cc2c(cccc2N2CCN(Cc3ccccc3)CC2)N1
CHEMBL314952	O=C1Cc2c(cccc2N2CC[NH+](Cc3ccccc3)CC2)N1
CHEMBL59	[NH3+]CCc1ccc(O)c(O)c1
CHEMBL180010	O=C(NC/C=C/CN1CCN(c2cccc(Cl)c2Cl)CC1)c1ccc(-c2ccccn2)cc1
CHEMBL180010	O=C(NC/C=C/C[NH+]1CCN(c2cccc(Cl)c2Cl)CC1)c1ccc(-c2ccccn2)cc1
CHEMBL563580	O=C1N(CC[NH+]2C3CCCC2CC3)CCN1c1cccc(Cl)c1
CHEMBL78916	CC(=O)NC1CCC(CC[NH+]2CCN(c3ccccc3)CC2)CC1
CHEMBL305366	COc1cc(Br)cc(C(=O)NCC[NH+]2CCc3ccccc3C2)c1OC
CHEMBL305366	COc1cc(Br)cc(C(=O)NCCN2CCc3ccccc3C2)c1OC
CHEMBL64283	c1ccc(C[NH2+]CCOc2cccc3[nH]ccc23)cc1
CHEMBL195247	O=S(=O)(NCCCC[NH+]1CCN(c2cccc(Cl)c2Cl)CC1)c1ccc(F)cc1
CHEMBL195247	O=S(=O)(NCCCCN1CCN(c2cccc(Cl)c2Cl)CC1)c1ccc(F)cc1
CHEMBL127038	COc1ccccc1N1CC[NH+](CCCCNC(=O)/C=C/c2ccc3c(c2)OCO3)CC1
CHEMBL127038	COc1ccccc1N1CCN(CCCCNC(=O)/C=C/c2ccc3c(c2)OCO3)CC1
CHEMBL125459	COc1ccccc1N1CC[NH+](CCCCNC(=O)/C=C/c2cccc3c2OCO3)CC1
CHEMBL125459	COc1ccccc1N1CCN(CCCCNC(=O)/C=C/c2cccc3c2OCO3)CC1
CHEMBL87137	c1ccc(C[NH2+]CCOc2cccc3[nH]ncc23)cc1
CHEMBL87192	FC(F)(F)c1nc2c(OCC[NH2+]Cc3ccccc3)cccc2[nH]1
CHEMBL54662	COc1c(C(=O)NCC2CCC[NH+]2C2C3CCCC2CCC3)cc(Br)c2ccccc12
