CHEMBL558796	CC(C)[NH+]1CCN(CC(=O)Nc2cnc3c(c2)[nH]c(=O)c2ccccc23)CC1
CHEMBL187566	O=C(c1ccccc1)c1cn2c3c(cccc13)C(=O)NCC2
CHEMBL311091	O=c1[nH]c2cnccc2c2ccccc12
CHEMBL186380	O=c1[nH]c(CCC[NH+]2CCC3=C(CCc4ccccc43)C2)nc2ccccc12
CHEMBL492671	O=C(c1cc(Cc2n[nH]c(=O)c3ccccc23)ccc1F)N1CCN(C(=O)C2CCCO2)CC1
CHEMBL524165	O=C(c1cc(Cc2n[nH]c(=O)c3ccccc23)ccc1F)N1CCN(C(=O)C2CCOC2)CC1
CHEMBL524190	O=C(c1cc(Cc2n[nH]c(=O)c3ccccc23)ccc1F)N1CCN(C(=O)C2CCCC2)CC1
CHEMBL522487	O=C(c1cc(Cc2n[nH]c(=O)c3ccccc23)ccc1F)N1CCN(C(=O)C2CCCCC2)CC1
CHEMBL190434	O=c1[nH]c2c(c3ccccc13)Cc1cc(S(=O)(=O)NCCCN3CCOCC3)ccc1-2
CHEMBL190434	O=c1[nH]c2c(c3ccccc13)Cc1cc(S(=O)(=O)NCCC[NH+]3CCOCC3)ccc1-2
CHEMBL595230	C[NH+]1CCCC(C(=O)Nc2ccc(-n3cc4cc(F)cc(C(N)=O)c4n3)cc2F)C1
CHEMBL110178	O=C(CCn1c2c(c(=O)[nH]c1=O)CSCC2)NCC(=O)N1CCN(c2cc[nH+]cc2)CC1
CHEMBL144084	O=C1NCCc2c(-c3cccs3)[nH]c3cccc1c23
CHEMBL106298	C[N+]1([O-])CCN(c2ccc3[nH]c(=O)c4ccccc4c3n2)CC1
CHEMBL601260	O=C(c1cc(Cc2c[nH]c(=O)c3cc(Cl)c(Cl)n23)ccc1F)N1CCC2(CCCC[NH2+]2)CC1
CHEMBL63211	O=C1NCCn2c(-c3ccccc3)nc3cccc1c32
CHEMBL589833	O=C(c1cc(Cc2c[nH]c(=O)c3cc(Cl)c(Cl)n23)ccc1F)N1CCC([NH+]2CCCC2)CC1
CHEMBL589834	O=C(c1cc(Cc2c[nH]c(=O)c3cc(Cl)c(Cl)n23)ccc1F)N1CCC([NH+]2CCC2)CC1
CHEMBL595692	O=C1NCC2c3c(cccc31)CCN2C(=O)NCc1ccccc1
CHEMBL595693	O=C1NCC2c3c(cccc31)CCN2C(=O)Oc1ccccc1
CHEMBL595694	O=C1NCC2c3c(cccc31)CCN2C(=O)OCc1ccccc1
CHEMBL594599	O=C1NCC2c3c(cccc31)CCN2S(=O)(=O)Cc1ccccc1
CHEMBL383070	COc1cccc(CCC(=O)N2CCCN(C(=O)c3cccc(Cc4n[nH]c(=O)c5ccccc45)c3)CC2)c1
CHEMBL84096	O=C(CC[NH+]1CCCCC1)N1CCc2[nH]c(=O)c3cc(F)ccc3c2C1
CHEMBL560132	O=C(NCCc1c[nH]c2ccc3c(c12)CCNC3=O)c1ccncc1
CHEMBL578185	NC(=O)c1cccc2[nH]c(-c3ccc(-c4ccccc4)cc3)nc12
CHEMBL560133	O=C(NCCc1c[nH]c2ccc3c(c12)CCNC3=O)c1ccccn1
CHEMBL558056	O=C1NCCc2c1ccc1[nH]cc(CC[NH2+]C3CCCCC3)c21
CHEMBL382950	COc1ccc(-n2cc(C(=O)Nc3cccc(Cc4n[nH]c(=O)c5ccccc45)c3)c(C)n2)cc1
CHEMBL313782	O=c1[nH]c2c(c3ccccc13)CCN(S(=O)(=O)CC[NH+]1CCCCC1)C2
CHEMBL495782	CC1(c2nc3c(C(N)=O)cccc3[nH]2)CC[NH2+]1
CHEMBL506516	CC(C)[NH+]1CC(C)(c2nc3c(C(N)=O)cccc3[nH]2)C1
CHEMBL108431	O=c1[nH]c2ccc(N3CC[NH+](CC4CC4)CC3)nc2c2ccccc12
CHEMBL519443	COc1ccc(-c2cnc3cccc(C(N)=O)c3n2)cc1
CHEMBL568722	NC(=O)c1cccc2[nH]c(-c3ccc(-c4ccno4)cc3)nc12
CHEMBL594522	O=C1NCC2c3c(cccc31)CCN2C(=O)Cc1ccc(OCc2ccccc2)cc1
CHEMBL598350	Cc1c(Cc2ccc(F)c(C(=O)N3CCN(C(=O)C4CC[NH2+]C4)CC3)c2)n[nH]c(=O)c1C
CHEMBL598350	Cc1c([O-])nnc(Cc2ccc(F)c(C(=O)N3CCN(C(=O)C4CC[NH2+]C4)CC3)c2)c1C
CHEMBL420964	O=C(CCN1CCC([NH+]2CCCC2)CC1)N1CCc2c([nH]c(=O)c3ccccc23)C1
CHEMBL420964	O=C(CC[NH+]1CCC(N2CCCC2)CC1)N1CCc2c([nH]c(=O)c3ccccc23)C1
CHEMBL593592	O=C1NCC2c3c(cccc31)CCN2C(=O)Cc1ccccn1
CHEMBL593593	O=C1NCC2c3c(cccc31)CCN2C(=O)Cc1ccncc1
CHEMBL1094631	NC(=O)c1cccc2cn(-c3ccc(CN4CCOCC4)cc3)nc12
CHEMBL1094632	C[NH+]1CCN(Cc2ccc(-n3cc4cccc(C(N)=O)c4n3)cc2)CC1
CHEMBL1094632	CN1CC[NH+](Cc2ccc(-n3cc4cccc(C(N)=O)c4n3)cc2)CC1
CHEMBL1097627	NC(=O)c1cccc2cn(-c3ccc(C[NH+]4CCCCC4)cc3)nc12
CHEMBL596365	C[NH+]1CCCC1C(=O)Nc1ccc(-n2cc3cccc(C(N)=O)c3n2)cc1
CHEMBL147896	COc1[nH]c2cccc3c2c1CCNC3=O
CHEMBL344349	O=C1NCCc2c(C(c3ccccc3)c3ccccc3)[nH]c3cccc1c23
CHEMBL421605	O=C(CCn1c2c(c(=O)[nH]c1=O)CCCC2)NCC(=O)c1ccc(Br)cc1
CHEMBL46137	O=c1[nH]c2cc(S(=O)(=O)[O-])ccc2c2ccc(F)cc12
CHEMBL325336	O=C(CCn1c2c(c(=O)[nH]c1=O)CCCCC2)NCC(=O)N1CCN(c2ncccn2)CC1
CHEMBL452025	NC(=O)c1cccc2[nH]c(C3CC[NH+](C4CCCC4)CC3)nc12
CHEMBL370217	O=C1CCCC(=O)N1c1cc(Cc2n[nH]c(=O)c3ccccc23)ccc1F
CHEMBL452800	CCC[NH+]1CCC(c2nc3c(C(N)=O)cccc3[nH]2)CC1
CHEMBL452784	NC(=O)c1cccc2[nH]c(C3CC[NH+]3C3CCCC3)nc12
CHEMBL571900	O=C1NCCc2c1ccc1[nH]cc(CC[NH2+]Cc3ccccc3)c21
CHEMBL571900	O=C1NCCc2c1ccc1[nH]cc(CCNCc3ccccc3)c21
CHEMBL504878	NC(=O)c1cccc2[nH]c(C3C[NH+](C4CCCC4)C3)nc12
CHEMBL1092691	NC(=O)c1cccc2[nH]c(-c3ccc(C4CCC[NH2+]C4)cc3)nc12
CHEMBL470583	CC1(C)NC(C)(C)C(c2nc3c(C(N)=O)cccc3[nH]2)=C1c1cccc(C(F)(F)F)c1
CHEMBL470583	CC1(C)NC(C)(C)C(c2nc3cccc(C(N)=O)c3[nH]2)=C1c1cccc(C(F)(F)F)c1
CHEMBL185742	N#Cc1ccc(C2=CC[NH+](CCCc3nc4ccccc4c(=O)[nH]3)CC2)cc1
CHEMBL250851	Cc1cccc2c(=O)[nH]c(C3=CC(N4CCN(c5ccc(Cl)cc5)CC4)CC3)nc12
CHEMBL250851	Cc1cccc2c(=O)[nH]c(C3=CC([NH+]4CCN(c5ccc(Cl)cc5)CC4)CC3)nc12
CHEMBL108840	O=C(CCn1c2c(c(=O)[nH]c1=O)CSCC2)NCC(=O)c1ccc(-c2cccnn2)cc1
CHEMBL321703	O=C(CCn1c2c(c(=O)[nH]c1=O)CSCC2)NCC(=O)c1ccc(-c2ccncc2)cc1
CHEMBL246185	O=c1[nH]c(C2CCC([NH+]3CCC(c4ccccc4)CC3)C2)nc2ccccc12
CHEMBL550382	C[NH+]1CCC(CNC(=O)c2cc3nc([O-])c4ccccc4n3n2)C1
CHEMBL362762	O=c1[nH]c(CCC[NH+]2CC=C(c3ccc(-c4ccccc4)cc3)CC2)nc2ccccc12
CHEMBL195966	CN1CC(=O)N(c2cc(Cc3n[nH]c(=O)c4ccccc34)ccc2F)C(=O)C1
CHEMBL195966	C[NH+]1CC(=O)N(c2cc(Cc3n[nH]c(=O)c4ccccc34)ccc2F)C(=O)C1
CHEMBL83224	O=c1[nH]c2c(c3ccccc13)CC[NH2+]C2
CHEMBL83224	O=c1[nH]c2c(c3ccccc13)CCNC2
CHEMBL193336	O=C1NC(CCC[NH+]2CC=C(c3ccccc3)CC2)=NC2CCCCC12
CHEMBL370207	O=C1NC(CCC[NH+]2CC=C(c3ccccc3)CC2)=NC2CCCC12
CHEMBL84192	O=C(C[NH+]1CCCCC1)N1CCc2[nH]c(=O)c3ccccc3c2C1
CHEMBL444135	COC1CCC(c2nc3c(C(N)=O)cccc3[nH]2)CC1
CHEMBL1089713	CC[NH+]1CCC(Oc2ccc3[nH]c(=O)c4c(c3c2)CCSC4)C1
CHEMBL452158	CCOC(=O)CCC(=O)Nc1nc(-c2ccccc2)cs1
CHEMBL452100	O=C(/C=C/c1ccccc1)Nc1nc(-c2ccccc2)cs1
CHEMBL482012	O=C(Nc1nc(-c2ccccc2)cs1)c1ccncc1
CHEMBL383578	Cc1nc(-c2ccccc2)sc1C(=O)Nc1cccc(Cc2n[nH]c(=O)c3ccccc23)c1
CHEMBL105765	O=C(CCCCCn1c2c(c(=O)[nH]c1=O)CSCC2)NCC(=O)N1CCN(c2ncccn2)CC1
CHEMBL197192	CC1(C)CC(=O)N(c2cc(Cc3n[nH]c(=O)c4ccccc34)ccc2F)C1=O
CHEMBL519778	CN(Cc1ccccc1)Cc1nc2cccc3c2n1CCNC3=O
CHEMBL519778	C[NH+](Cc1ccccc1)Cc1nc2cccc3c2n1CCNC3=O
CHEMBL555350	O=c1[nH]c2cc(C[NH+]3CCCC3)ccc2n2ccnc12
CHEMBL555350	[O-]c1nc2cc(C[NH+]3CCCC3)ccc2n2ccnc12
CHEMBL497571	Cn1nc(-c2cccs2)c2c3c(c(=O)[nH]c21)CCCC3
CHEMBL84371	O=C(CCN1CCC([NH+]2CCCC2)CC1)N1CCc2[nH]c(=O)c3cc(F)ccc3c2C1
CHEMBL84371	O=C(CC[NH+]1CCC(N2CCCC2)CC1)N1CCc2[nH]c(=O)c3cc(F)ccc3c2C1
CHEMBL108968	O=C(CCn1c2c(c(=O)[nH]c1=O)CSCC2)NCC(=O)c1ccc(OC(=O)c2ccccc2)cc1
CHEMBL494929	O=C(c1cc(Cc2n[nH]c(=O)c3ccccc23)ccc1F)N1CCN(c2ccccc2)CC1
CHEMBL609002	O=C1NCC2c3c(cccc31)CCN2C(=O)CCc1cnccn1
CHEMBL460267	NC(=O)c1cccc2[nH]c(C3CCC(=O)N3)nc12
CHEMBL596354	O=C1NCC2c3c(cccc31)CCN2C(=O)CCn1cnc2ccccc21
CHEMBL383442	N#Cc1ccc2[nH]c3c4c(c5c(c3c2c1)CNC5=O)CCC4
CHEMBL559043	O=C1NCCc2c1ccc1[nH]cc(CCNC(=O)N3CCC[NH+](Cc4ccccc4)CC3)c21
CHEMBL188989	O=C1NCCn2c(-c3ccc(Cn4cccc4)cc3)cc3cccc1c32
CHEMBL596390	O=C1NCC2c3c(cccc31)CCN2C(=O)CCc1ccccc1
CHEMBL596391	O=C1NCC2c3c(cccc31)CCN2C(=O)Nc1ccccc1
CHEMBL105995	C[NH+]1CCN(c2ccc3[nH]c(=O)c4ccccc4c3n2)CC1
CHEMBL105995	CN1CCN(c2ccc3[nH]c(=O)c4ccccc4c3n2)CC1
CHEMBL598138	Cc1c(Cc2ccc(F)c(C(=O)N3CCN(C(=O)C4(C)CCCO4)CC3)c2)n[nH]c(=O)c1C
CHEMBL598138	Cc1c([O-])nnc(Cc2ccc(F)c(C(=O)N3CCN(C(=O)C4(C)CCCO4)CC3)c2)c1C
CHEMBL480039	O=C(CCn1c2c(c(=O)[nH]c1=O)CSCC2)NCC(=O)c1ccc(-c2ccnnc2)cc1
CHEMBL480234	O=c1[nH]c2ccc(CC[NH+]3CC=C(c4ccccc4)CC3)cc2c2ccccc12
CHEMBL193918	Cc1noc(-c2cccc(Cc3n[nH]c(=O)c4ccccc34)c2)n1
CHEMBL1090136	NC(=O)c1cccc2[nH]c(-c3ccc(C4CC[NH2+]CC4)cc3)nc12
CHEMBL590579	O=C(c1cc(Cc2c[nH]c(=O)c3cc(Cl)c(Cl)n23)ccc1F)N1CCC2(CC1)NCNC2=O
CHEMBL590579	O=C(c1cc(Cc2c[nH]c(=O)c3cc(Cl)c(Cl)n23)ccc1F)N1CCC2(CC1)[NH2+]CNC2=O
CHEMBL590088	O=C(c1cc(Cc2c[nH]c(=O)c3cc(Cl)c(Cl)n23)ccc1F)N1CCC2(CC[NH2+]2)CC1
CHEMBL557411	O=C(c1ccc2c(c1)[nH]c(=O)c1cccn12)N1CCCC1
CHEMBL248827	O=c1[nH]c(C2=CC([NH+]3CC=C(c4ccccc4)CC3)CC2)nc2c(Cl)cccc12
CHEMBL248827	O=c1[nH]c(C2=CC(N3CC=C(c4ccccc4)CC3)CC2)nc2c(Cl)cccc12
CHEMBL107764	O=C(CCn1c2c(c(=O)[nH]c1=O)CSCC2)NCC(=O)c1ccc(-c2cccnc2)cc1
CHEMBL249220	O=c1[nH]c(N2CCC([NH+]3CC=C(c4ccccc4)CC3)CC2)nc2ccccc12
CHEMBL108137	O=C(CCn1c2c(c(=O)[nH]c1=O)CSCC2)NCC(=O)c1ccc(-c2cncnc2)cc1
CHEMBL399635	O=c1[nH]c(N2CCC([NH+]3CC=C(c4ccccc4)CC3)C2)nc2ccccc12
CHEMBL399635	O=c1[nH]c(N2CCC(N3CC=C(c4ccccc4)CC3)C2)nc2ccccc12
CHEMBL549642	O=C1NCCc2c1ccc1[nH]cc(CCNCc3cocn3)c21
CHEMBL549642	O=C1NCCc2c1ccc1[nH]cc(CC[NH2+]Cc3cocn3)c21
CHEMBL189500	O=c1[nH]c(CCC[NH+]2CCN(c3ccccc3)CC2)nc2ccccc12
CHEMBL189500	O=c1[nH]c(CCCN2CCN(c3ccccc3)CC2)nc2ccccc12
CHEMBL571234	O=c1[nH]c2cc(C[NH+]3CCCC3)ccc2n2cccc12
CHEMBL550724	C[NH+]1CCC(CC(=O)NCCc2c[nH]c3ccc4c(c23)CCNC4=O)CC1
CHEMBL127336	O=C1NCCc2c(OCCCC[NH+]3CCCCC3)cccc21
CHEMBL202833	O=C(NCCc1cccs1)C1CCN(C(=O)c2cccc(Cc3n[nH]c(=O)c4ccccc34)c2)CC1
CHEMBL381382	O=C(NC1CCCC1)C1CCN(C(=O)c2cccc(Cc3n[nH]c(=O)c4ccccc34)c2)CC1
CHEMBL576423	NC(=O)c1cccc2[nH]c(-c3ccc(-c4ccccn4)cc3)nc12
CHEMBL578559	NC(=O)c1cccc2[nH]c(-c3ccc(-c4noc([O-])n4)cc3)nc12
CHEMBL567400	NC(=O)c1cccc2[nH]c(-c3ccc(-c4nnn[n-]4)cc3)nc12
CHEMBL576910	NC(=O)c1cccc2nc(-c3ccc(-c4nnc([O-])o4)cc3)[nH]c12
CHEMBL576910	NC(=O)c1cccc2[nH]c(-c3ccc(-c4nnc([O-])o4)cc3)nc12
CHEMBL322133	O=C(CCn1c2c(c(=O)[nH]c1=O)CSCC2)NCC(=O)c1ccc(Br)cc1
CHEMBL107709	O=c1[nH]c2ccc(NCCN3CCOCC3)nc2c2ccccc12
CHEMBL107709	O=c1[nH]c2ccc(NCC[NH+]3CCOCC3)nc2c2ccccc12
CHEMBL381475	O=C(NCCn1ccnn1)c1ccc2[nH]c3c4c(c5c(c3c2c1)CNC5=O)CCC4
CHEMBL563541	O=C(c1cc2nc([O-])c3ccccc3n2n1)N1CCCC(CN2CCOCC2)C1
CHEMBL563541	O=C(c1cc2nc([O-])c3ccccc3n2n1)N1CCCC(C[NH+]2CCOCC2)C1
CHEMBL550703	O=C(NCCCN1CCOCC1)c1cc2nc([O-])c3ccccc3n2n1
CHEMBL550703	O=C(NCCC[NH+]1CCOCC1)c1cc2nc([O-])c3ccccc3n2n1
CHEMBL344113	O=C(Nc1ccccc1)c1[nH]c2cccc3c2c1CCNC3=O
CHEMBL344741	O=C1NCCc2c(-c3ccc[nH]3)[nH]c3cccc1c23
CHEMBL597927	Cc1c(Cc2ccc(F)c(C(=O)N3CCN(C(=O)C4(C)CCC[NH2+]4)CC3)c2)n[nH]c(=O)c1C
CHEMBL597927	Cc1c([O-])nnc(Cc2ccc(F)c(C(=O)N3CCN(C(=O)C4(C)CCC[NH2+]4)CC3)c2)c1C
CHEMBL589257	O=C(c1cc(Cc2c[nH]c(=O)c3cc(Cl)c(Cl)n23)ccc1F)N1CCN(c2ncccn2)CC1
CHEMBL591515	N#Cc1cccnc1N1CCN(C(=O)c2cc(Cc3c[nH]c(=O)c4cc(Cl)c(Cl)n34)ccc2F)CC1
CHEMBL598957	Cc1c(Cc2ccc(F)c(C(=O)N3CCN(C(=O)C4([NH2+]CC5CC5)CCC4)CC3)c2)n[nH]c(=O)c1C
CHEMBL598957	Cc1c([O-])nnc(Cc2ccc(F)c(C(=O)N3CCN(C(=O)C4([NH2+]CC5CC5)CCC4)CC3)c2)c1C
CHEMBL592459	O=C(c1cc(Cc2c[nH]c(=O)c3cc(Cl)c(Cl)n23)ccc1F)N1CCN(c2ccccc2F)CC1
CHEMBL204097	CC1CCN(C(=O)C2CCN(C(=O)c3cccc(Cc4n[nH]c(=O)c5ccccc45)c3)CC2)CC1
CHEMBL203765	CN(Cc1ccccc1)C(=O)C1CCN(C(=O)c2cccc(Cc3n[nH]c(=O)c4ccccc34)c2)CC1
CHEMBL201981	CCC(C)CN(C)C(=O)C1CCN(C(=O)c2cccc(Cc3n[nH]c(=O)c4ccccc34)c2)CC1
CHEMBL82342	O=c1[nH]c2ccncc2c2ccccc12
CHEMBL608111	Cc1ccn2c(n1)nc1c3ccccc3c(=O)[nH]c12
CHEMBL562117	COc1cc(-c2cc3nc([O-])c4ccccc4n3n2)cc(OC)c1OC
CHEMBL609617	CC(C)CN1Cc2cccc(C(N)=O)c2C1=O
CHEMBL598978	C[NH+]1CCN(c2ccc(N3Cc4cccc(C(N)=O)c4C3=O)cc2)CC1
CHEMBL598978	CN1CCN(c2ccc(N3Cc4cccc(C(N)=O)c4C3=O)cc2)CC1
CHEMBL1160877	O=c1[nH]c2ccc(N3CC4CC3C[NH2+]4)nc2c2ccccc12
CHEMBL194535	O=c1[nH]c2cc(CN3CCOCC3)ccc2c2ccccc12
CHEMBL372303	C[NH+](C)CC(=O)Nc1ccc2[nH]c(=O)c3ccccc3c2c1
CHEMBL481511	N#Cc1ccc(C2=CC[NH+](CCCc3nc4c(Cl)cccc4c(=O)[nH]3)CC2)cc1
CHEMBL558156	O=C(NCC[NH+]1CCCC1)c1ccc2c(c1)[nH]c(=O)c1cccn12
CHEMBL590805	O=C(c1cc(Cc2c[nH]c(=O)c3cc(Cl)c(Cl)n23)ccc1F)N1CCN(c2cc3ccccc3c[nH+]2)CC1
CHEMBL590805	O=C(c1cc(Cc2c[nH]c(=O)c3cc(Cl)c(Cl)n23)ccc1F)N1CCN(c2cc3ccccc3cn2)CC1
CHEMBL560176	CN1CCN(C(=O)c2cc3nc([O-])c4ccccc4n3n2)CC1
CHEMBL560176	C[NH+]1CCN(C(=O)c2cc3nc([O-])c4ccccc4n3n2)CC1
CHEMBL337386	NC(=O)c1cccc2[nH]c(-c3ccc4c(c3)OCO4)nc12
CHEMBL521809	O=C(c1cccc(Cc2n[nH]c(=O)c3ccccc23)c1)N1CCN(c2ncccn2)CC1
CHEMBL523058	O=C(c1cc(Cc2n[nH]c(=O)c3ccccc23)ccc1F)N1CCN(c2cccc[nH+]2)CC1
CHEMBL523058	O=C(c1cc(Cc2n[nH]c(=O)c3ccccc23)ccc1F)N1CCN(c2ccccn2)CC1
CHEMBL578804	Cn1ccc(-c2ccc(-c3nc4c(C(N)=O)cccc4[nH]3)cc2)n1
CHEMBL339695	O=c1[nH]ccc2ccccc12
CHEMBL418813	C[NH+](C)C1CCN(c2ccc3[nH]c(=O)c4ccccc4c3n2)CC1
CHEMBL453059	NC(=O)c1cccc2[nH]c(C3CC[NH+](C4CCCC4)C3)nc12
CHEMBL189695	O=c1[nH]c2c(c3ccccc13)Cc1cc(S(=O)(=O)NCCCNN3CCOCC3)c(F)cc1-2
CHEMBL558845	O=C1NCCc2c1ccc1[nH]cc(CCNC(=O)N3CC[NH2+]CC3)c21
CHEMBL558845	O=C1NCCc2c1ccc1[nH]cc(CCNC(=O)N3CCNCC3)c21
CHEMBL455590	Cc1nn(C)c2[nH]c(=O)c3c(c12)CCCC3
CHEMBL525167	Cn1nc(-c2ccccc2)c2c1NC(=O)C1CCCCC21
CHEMBL562331	C[NH+]1CCC(C(=O)NCCc2c[nH]c3ccc4c(c23)CCNC4=O)C1
CHEMBL564695	O=C1NCCc2c1ccc1[nH]cc(CCNC(=O)C3CCN(c4cc[nH+]cc4)CC3)c21
CHEMBL595924	NC(=O)c1cccc2cn(-c3ccc(C(=O)NCc4ccncc4)cc3)nc12
CHEMBL594141	NC(=O)c1cccc2cn(-c3ccc(C(=O)NCCN4CCOCC4)cc3)nc12
CHEMBL594141	NC(=O)c1cccc2cn(-c3ccc(C(=O)NCC[NH+]4CCOCC4)cc3)nc12
CHEMBL85733	O=C(CN1CCC([NH+]2CCCC2)CC1)N1CCc2[nH]c(=O)c3ccccc3c2C1
CHEMBL497597	CC1(c2nc3c(C(N)=O)cccc3[nH]2)CCC[NH+]1C1CCC1
CHEMBL594369	C[NH+]1CCC(C(=O)Nc2ccc(-n3cc4cccc(C(N)=O)c4n3)cc2)CC1
CHEMBL592960	NC(=O)c1cc(F)cc2cn(-c3ccc(NC(=O)C4C[NH2+]C4)c(F)c3)nc12
CHEMBL148367	O=C1NCCc2c(-c3cccc4ccccc34)[nH]c3cccc1c23
CHEMBL550369	[O-]c1nc2cc(C3CCCCC3)nn2c2ccccc12
CHEMBL424802	O=C1NCCn2c(-c3ccccn3)cc3cccc1c32
CHEMBL185702	O=C1NCCn2c(CCc3ccccc3)cc3cccc1c32
CHEMBL563408	O=C(NCCN1CCOCC1)c1cc2nc([O-])c3ccccc3n2n1
CHEMBL563408	O=C(NCC[NH+]1CCOCC1)c1cc2nc([O-])c3ccccc3n2n1
CHEMBL551001	[NH3+]CCc1c[nH]c2ccc3c(c12)CCNC3=O
CHEMBL372450	O=C(Nc1cccc(Cc2n[nH]c(=O)c3ccccc23)c1)c1ccc(-c2ccsc2)s1
CHEMBL596926	NC(=O)c1cccc2c1C(=O)N(c1cccc(C3CC[NH2+]CC3)c1)C2
CHEMBL479937	CC(C)(c1nc2c(C(N)=O)cccc2[nH]1)[NH+]1CCCCC1
CHEMBL479937	CC(C)(c1nc2c(C(N)=O)cccc2[nH]1)N1CCCCC1
CHEMBL551854	C[NH+]1CCCN(C(=O)c2cc3nc([O-])c4ccccc4n3n2)CC1
CHEMBL246548	O=C1NC(=O)c2c1c1c(c3[nH]c4ccc(-c5csc(CNC(=O)C6CC6)n5)cc4c23)CCC1
CHEMBL246750	O=C1NC(=O)c2c1c1c(c3[nH]c4ccc(-c5csc(CNC(=O)C6CCCC6)n5)cc4c23)CCC1
CHEMBL570304	C[NH+](C)Cc1ccc2c(c1)nc([O-])c1nccn12
CHEMBL570304	C[NH+](C)Cc1ccc2c(c1)[nH]c(=O)c1nccn12
CHEMBL555752	O=c1[nH]c2ccc(C[NH+]3CCCC3)cc2n2cccc12
CHEMBL481081	C[NH2+]C(C)(C)c1nc2c(C(N)=O)cccc2[nH]1
CHEMBL364752	C[NH+](C)CC(=O)Nc1ccc2c(c1)Cc1c-2[nH]c(=O)c2ccccc12
CHEMBL380648	O=C(c1cc(Cc2n[nH]c(=O)c3ccccc23)ccc1F)N1CCC[NH2+]CC1
CHEMBL1090020	O=c1[nH]c2ccc(OC3CC[NH+](CCc4ccccc4)CC3)cc2c2c1CSCC2
CHEMBL1089332	O=c1[nH]c2ccc(OC3CCN(CC[NH+]4CCCCC4)CC3)cc2c2c1CSCC2
CHEMBL1089332	O=c1[nH]c2ccc(OC3CC[NH+](CC[NH+]4CCCCC4)CC3)cc2c2c1CSCC2
CHEMBL1090019	O=c1[nH]c2ccc(OC3CC[NH+](Cc4ccccc4)CC3)cc2c2c1CSCC2
CHEMBL1090018	O=c1[nH]c2ccc(OC3CCN(c4ccccc4)CC3)cc2c2c1CSCC2
CHEMBL488665	NC(=O)c1cccc2[nH]c(C3CCC[NH2+]C3)nc12
CHEMBL188308	O=C1NCCn2cc(C(O)c3ccccc3)c3cccc1c32
CHEMBL245559	O=C1NC(=O)c2c1c1c(c3[nH]c4ccc(-c5csc(CNC6OC(CO)C(O)C(O)C6O)n5)cc4c23)CCC1
CHEMBL426070	O=C1NCCn2c(-c3cccc(Cn4cccc4)c3)cc3cccc1c32
CHEMBL471959	CC(Oc1ccccc1)C(=O)N1CCN(C(=O)c2cc(CCOc3ccccc3C(N)=O)ccc2F)CC1
CHEMBL204898	O=C(NCCN1CCOCC1)c1ccc2[nH]c3c4c(c5c(c3c2c1)CNC5=O)CCC4
CHEMBL204898	O=C(NCC[NH+]1CCOCC1)c1ccc2[nH]c3c4c(c5c(c3c2c1)CNC5=O)CCC4
CHEMBL556241	O=c1[nH]c2cc(C[NH+]3CCCCC3)ccc2n2cccc12
CHEMBL432406	O=C(Cn1c2c(c(=O)[nH]c1=O)CSCC2)NCC(=O)N1CCN(c2ncccn2)CC1
CHEMBL334734	NC(=O)c1cccc2[nH]c(-c3ccc(C(F)(F)F)cc3)nc12
CHEMBL381543	Cc1noc(C)c1S(=O)(=O)N1CCCN(C(=O)c2cccc(Cc3n[nH]c(=O)c4ccccc34)c2)CC1
CHEMBL554501	O=C(NCc1ccncc1)c1ccc2c(c1)[nH]c(=O)c1cccn12
CHEMBL549597	O=c1[nH]c2ccc(C[NH+]3CCCCC3)cc2n2cccc12
CHEMBL549596	O=c1[nH]c2ccc(C[NH2+]C3CC3)cc2n2cccc12
CHEMBL81077	NC(=O)c1cccc2[nH]c(-c3cccc(C[NH+]4CCCC4)c3)nc12
CHEMBL479780	CC(C)([NH2+]C1CCCC1)c1nc2c(C(N)=O)cccc2[nH]1
CHEMBL517843	CC(C)([NH2+]CC1CC1)c1nc2c(C(N)=O)cccc2[nH]1
CHEMBL598088	NC(=O)c1cccc2c1C(=O)N(CC1CC[NH2+]CC1)C2
CHEMBL197469	O=C1NC(CCC[NH+]2CC=C(c3ccccc3)CC2)=NC2CCOCC12
CHEMBL494874	O=C(c1cc(Cc2n[nH]c(=O)c3ccccc23)ccc1F)N1CCCN(C(=O)N2CCOCC2)CC1
CHEMBL469960	CC1(C)C=C(c2nc3c(C(N)=O)cccc3[nH]2)CC(C)(C)[NH2+]1
CHEMBL1086580	O=c1[nH]c(-c2ccc(C(F)(F)F)cc2)nc2c1CSCC2
CHEMBL81831	C[NH+]1CCN(Cc2ccc(-c3nc4c(C(N)=O)cccc4[nH]3)cc2)CC1
CHEMBL81831	CN1CC[NH+](Cc2ccc(-c3nc4c(C(N)=O)cccc4[nH]3)cc2)CC1
CHEMBL595018	O=C1NCC2c3c(cccc31)CCN2C(=O)Cc1cccnc1
CHEMBL595019	Cc1csc(CC(=O)N2CCc3cccc4c3C2CNC4=O)n1
CHEMBL595464	C[NH+]1CCN(CC(=O)N2CCc3cccc4c3C2CNC4=O)CC1
CHEMBL188985	O=c1[nH]c(CCC[NH+]2CC=C(c3ccc(-[n+]4ccccc4)cc3)CC2)nc2ccccc12
CHEMBL483348	Cc1nc2c(c(=O)[nH]1)CSCC2
CHEMBL497591	Cn1nc(-c2ccccc2)c2c3c(c(=O)[nH]c21)CSC3
CHEMBL521686	O=C(c1cc(Cc2n[nH]c(=O)c3ccccc23)ccc1F)N1CCN(C(=O)C2CC2)CC1
CHEMBL593611	O=C1NCC2c3c(cccc31)CCN2Cc1ccccc1
CHEMBL596168	O=C1NCC2c3c(cccc31)CCN2C(=O)c1ccccc1
CHEMBL503239	O=C(c1cc(Cc2n[nH]c(=O)c3ccccc23)ccc1F)N1CC[NH+](CC2CC2)CC1
CHEMBL503239	O=C(c1cc(Cc2n[nH]c(=O)c3ccccc23)ccc1F)N1CCN(CC2CC2)CC1
CHEMBL520745	NC(=O)c1cccc2[nH]c(C3([NH3+])CCc4ccccc4C3)nc12
CHEMBL520745	NC(=O)c1cccc2[nH]c(C3(N)CCc4ccccc4C3)nc12
CHEMBL594596	O=C1NCc2cccc3cccc1c23
CHEMBL361447	C[NH2+]Cc1ccc(-c2cc3cccc4c3n2CCNC4=O)cc1
CHEMBL436298	O=C1C2CC2C(=O)N1c1cc(Cc2n[nH]c(=O)c3ccccc23)ccc1F
CHEMBL594312	CN(Cc1ccc(-n2cc3cccc(C(N)=O)c3n2)cc1)C(=O)C1C[NH2+]C1
CHEMBL593379	C[NH+]1CCCC(C(=O)NCc2ccc(-n3cc4cccc(C(N)=O)c4n3)cc2)C1
CHEMBL364691	O=c1[nH]c2c(c3ccccc13)Cc1cc(S(=O)(=O)NCCCn3ccnc3)ccc1-2
CHEMBL364691	O=c1[nH]c2c(c3ccccc13)Cc1cc(S(=O)(=O)NCCCn3cc[nH+]c3)ccc1-2
CHEMBL495483	O=C(c1cccc(Cc2n[nH]c(=O)c3ccccc23)c1)N1CCC[NH+](Cc2ccccc2)CC1
CHEMBL539474	O=C1CCCN1Cc1ccc2c(c1)[nH]c(=O)c1cccn12
CHEMBL248648	O=c1[nH]c(C2=CC([NH+]3CCC(c4ccccc4)CC3)CC2)nc2c(Cl)cccc12
CHEMBL452112	C[NH+]1C(C)(C)C=C(c2nc3c(C(N)=O)cccc3[nH]2)C1(C)C
CHEMBL452112	CN1C(C)(C)C=C(c2nc3c(C(N)=O)cccc3[nH]2)C1(C)C
CHEMBL551127	O=C(NCCc1c[nH]c2ccc3c(c12)CCNC3=O)c1cccnc1
CHEMBL508903	NC(=O)c1cccc2[nH]c(C3([NH3+])CCC3)nc12
CHEMBL550336	O=C1Nc2cc(C[NH+]3CCCC3)ccc2N2CCCCC12
CHEMBL480615	CC1CCc2nc(CCC[NH+]3CC=C(c4ccccc4)CC3)[nH]c(=O)c2C1
CHEMBL448924	NC(=O)c1cccc2[nH]c(C3([NH3+])CC3)nc12
CHEMBL448924	NC(=O)c1cccc2[nH]c(C3(N)CC3)nc12
CHEMBL571285	NC(=O)c1cccc2[nH]c(-c3ccc(-c4cccnc4)cc3)nc12
CHEMBL577549	NC(=O)c1cccc2[nH]c(-c3ccc(-c4ccncc4)cc3)nc12
CHEMBL574147	NC(=O)c1cccc2[nH]c(-c3ccc(-c4cscn4)cc3)nc12
CHEMBL576319	NC(=O)c1cccc2[nH]c(-c3ccc(-c4cnc[nH]4)cc3)nc12
CHEMBL576319	NC(=O)c1cccc2[nH]c(-c3ccc(-c4c[nH+]c[nH]4)cc3)nc12
CHEMBL576319	NC(=O)c1cccc2[nH]c(-c3ccc(-c4c[nH]cn4)cc3)nc12
CHEMBL542692	O=C(CN1CCC([NH+]2CCCC2)CC1)Nc1cnc2c(c1)[nH]c(=O)c1ccccc12
CHEMBL84328	NC(=O)c1cccc2[nH]c(-c3cccc(C[NH+]4CCCCC4)c3)nc12
CHEMBL1092144	O=c1[nH]c2ccc(OC3CC[NH+](CCO)CC3)cc2c2c1CSCC2
CHEMBL479861	Cc1sc(-c2ccccc2)nc1C(=O)Nc1cccc(Cc2n[nH]c(=O)c3ccccc23)c1
CHEMBL565882	NC(=O)c1cccc2[nH]c(-c3ccc(-c4cnco4)cc3)nc12
CHEMBL565881	NC(=O)c1cccc2[nH]c(-c3ccc(-c4ncc[nH]4)cc3)nc12
CHEMBL565881	NC(=O)c1cccc2[nH]c(-c3ccc(-c4[nH]cc[nH+]4)cc3)nc12
CHEMBL543157	C[NH+](C)CC(=O)Nc1ccc2[nH]c(=O)c3ccccc3c2n1
CHEMBL481478	CC(CC[NH2+]C1CCCC1)c1nc2c(C(N)=O)cccc2[nH]1
CHEMBL432211	O=C(CCn1c2c(c(=O)[nH]c1=O)CCCC2)NCC(=O)c1ccc2ccccc2c1
CHEMBL289834	O=C(NCCc1ccccc1)c1ccc2c(c1)[nH]c(=O)c1cc(F)ccc12
CHEMBL1095606	NC(=O)c1cccc2cn(-c3ccc4c(c3)CNCC4)nc12
CHEMBL1095606	NC(=O)c1cccc2cn(-c3ccc4c(c3)C[NH2+]CC4)nc12
CHEMBL198355	O=c1[nH]c2cc(C[NH+]3CC=C(c4ccccc4)CC3)ccc2c2ccccc12
CHEMBL198355	O=c1[nH]c2cc(CN3CC=C(c4ccccc4)CC3)ccc2c2ccccc12
CHEMBL357149	O=C1NCCc2c(-c3ccc4[nH]ccc4c3)[nH]c3cccc1c23
CHEMBL320031	O=c1[nH]c2cccnc2c2ccccc12
CHEMBL1098297	NC(=O)c1cccc2cn(-c3ccc(C4CCC[NH2+]4)cc3)nc12
CHEMBL110332	O=C(CCn1c2c(c(=O)[nH]c1=O)COCC2)NCC(=O)N1CCN(c2ncccn2)CC1
CHEMBL356104	O=C1NCc2c[nH]c3cccc1c23
CHEMBL603407	C[NH2+]C1CCN(C(=O)c2cc(Cc3c[nH]c(=O)c4cc(Cl)c(Cl)n34)ccc2F)CC1
CHEMBL596713	O=C(c1cc(Cc2c[nH]c(=O)c3cc(Cl)c(Cl)n23)ccc1F)N1CCN(c2ncnc3ccccc23)CC1
CHEMBL603448	O=C(c1cc(Cc2c[nH]c(=O)c3cc(Cl)c(Cl)n23)ccc1F)N1CCN(c2cccnc2)CC1
CHEMBL603448	O=C(c1cc(Cc2c[nH]c(=O)c3cc(Cl)c(Cl)n23)ccc1F)N1CCN(c2ccc[nH+]c2)CC1
CHEMBL598145	Cc1c(Cc2ccc(F)c(C(=O)N3CCC4(CCC[NH2+]4)CC3)c2)n[nH]c(=O)c1C
CHEMBL598145	Cc1c([O-])nnc(Cc2ccc(F)c(C(=O)N3CCC4(CCC[NH2+]4)CC3)c2)c1C
CHEMBL338955	COc1ccc(-c2nc3c(C(N)=O)cccc3n2C(=O)OCc2ccccc2)cc1
CHEMBL606029	O=C(c1cc(Cc2c[nH]c(=O)c3cc(Cl)c(Cl)n23)ccc1F)N1CCC2(CCC[NH2+]2)CC1
CHEMBL364763	O=c1[nH]c(CCC[NH+]2CCc3c([nH]c4ccccc34)C2)nc2ccccc12
CHEMBL364763	O=c1[nH]c(CCCN2CCc3c([nH]c4ccccc34)C2)nc2ccccc12
CHEMBL380809	Cc1c2c(c3c([nH]c4ccccc43)c1C)C(=O)NC2=O
CHEMBL195464	O=C(Nc1cccc(Cc2n[nH]c(=O)c3ccccc23)c1)C(F)(F)F
CHEMBL590548	Cc1c(Cc2ccc(F)c(C(=O)N3CCN(C(=O)C4(Cc5ccc(F)cc5)CCC[NH2+]4)CC3)c2)n[nH]c(=O)c1C
CHEMBL590548	Cc1c([O-])nnc(Cc2ccc(F)c(C(=O)N3CCN(C(=O)C4(Cc5ccc(F)cc5)CCC[NH2+]4)CC3)c2)c1C
CHEMBL590548	Cc1c(Cc2ccc(F)c(C(=O)N3CCN(C(=O)C4(Cc5ccc(F)cc5)CCCN4)CC3)c2)n[nH]c(=O)c1C
CHEMBL538642	O=c1[nH]c2cc(C[NH2+]CCCN3CCOCC3)ccc2n2cccc12
CHEMBL538642	O=c1[nH]c2cc(C[NH2+]CCC[NH+]3CCOCC3)ccc2n2cccc12
CHEMBL538642	O=c1[nH]c2cc(CNCCC[NH+]3CCOCC3)ccc2n2cccc12
CHEMBL538642	O=c1[nH]c2cc(CNCCCN3CCOCC3)ccc2n2cccc12
CHEMBL312719	C[NH+]1CCN(Cc2cccc(-c3nc4c(C(N)=O)cccc4[nH]3)c2)CC1
CHEMBL312719	CN1CC[NH+](Cc2cccc(-c3nc4c(C(N)=O)cccc4[nH]3)c2)CC1
CHEMBL107935	O=C(CCn1c2c(c(=O)[nH]c1=O)CSCC2)NCC(=O)c1ccc(Oc2ccccc2)cc1
CHEMBL343665	O=C1NCCc2c(-c3cccnc3)[nH]c3cccc1c23
CHEMBL321638	COc1ccc(-c2ccc(C(=O)CNC(=O)CCn3c4c(c(=O)[nH]c3=O)CSCC4)cc2)cc1
CHEMBL594651	O=c1[nH]c2c(nc3cc(S(=O)(=O)NCCCN4CCOCC4)ccn32)c2ccccc12
CHEMBL594651	O=c1[nH]c2c(nc3cc(S(=O)(=O)NCCC[NH+]4CCOCC4)ccn32)c2ccccc12
CHEMBL338790	Nc1ccc2c3c(cccc13)C(=O)NC2=O
CHEMBL494875	O=C(c1cc(Cc2n[nH]c(=O)c3ccccc23)ccc1F)N1CCCN(C(=O)C2CC2)CC1
CHEMBL84886	O=C(C[NH+]1CCCCC1)N1CCc2c([nH]c(=O)c3ccccc23)C1
CHEMBL539660	C[NH+](C)Cc1ccc2c(c1)NC(=O)C1CCCN21
CHEMBL479471	O=C1NCCn2c(CCc3ccccc3)nc3cccc1c32
CHEMBL480452	CCOc1ccc(-c2csc(/N=C/c3c[nH]c4ccccc34)n2)c(OCC)c1
CHEMBL583933	Cc1nc(-c2ccc(-c3nc4c(C(N)=O)cccc4[nH]3)cc2)co1
CHEMBL370692	O=C1c2ccccc2C(=O)N1c1cccc(Cc2n[nH]c(=O)c3ccccc23)c1
CHEMBL191185	O=C(CCCN1CCOCC1)Nc1ccc2c(c1)Cc1c-2[nH]c(=O)c2ccccc12
CHEMBL191185	O=C(CCC[NH+]1CCOCC1)Nc1ccc2c(c1)Cc1c-2[nH]c(=O)c2ccccc12
CHEMBL549388	CC(C)[NH2+]Cc1ccc2c(c1)[nH]c(=O)c1cccn12
CHEMBL1173054	O=C1NCCc2c(-c3ccc(C[NH+]4CCCC4)cc3)[nH]c3cccc1c23
CHEMBL550788	[O-]c1nc2cc(-c3ccco3)nn2c2ccccc12
CHEMBL550787	[O-]c1nc2cc(-c3cccs3)nn2c2ccccc12
CHEMBL201616	O=C(c1cccc(Cc2n[nH]c(=O)c3ccccc23)c1)N1CC[NH2+]CC1
CHEMBL201616	O=C(c1cccc(Cc2n[nH]c(=O)c3ccccc23)c1)N1CCNCC1
CHEMBL591589	Cc1c(Cc2ccc(F)c(C(=O)N3CCN(C(=O)C4(C)CC[NH2+]4)CC3)c2)n[nH]c(=O)c1C
CHEMBL591589	Cc1c([O-])nnc(Cc2ccc(F)c(C(=O)N3CCN(C(=O)C4(C)CC[NH2+]4)CC3)c2)c1C
CHEMBL591588	Cc1c(Cc2ccc(F)c(C(=O)N3CCN(C(=O)C4(C)CCCC[NH2+]4)CC3)c2)n[nH]c(=O)c1C
CHEMBL591588	Cc1c(Cc2ccc(F)c(C(=O)N3CCN(C(=O)C4(C)CCCCN4)CC3)c2)n[nH]c(=O)c1C
CHEMBL591588	Cc1c([O-])nnc(Cc2ccc(F)c(C(=O)N3CCN(C(=O)C4(C)CCCC[NH2+]4)CC3)c2)c1C
CHEMBL598087	NC(=O)c1cccc2c1C(=O)N(C1CCC[NH2+]C1)C2
CHEMBL597890	NC(=O)c1cccc2c1C(=O)N(C1CC[NH2+]CC1)C2
CHEMBL545507	O=C(CN1CCC([NH+]2CCCC2)CC1)Nc1ccc2[nH]c(=O)c3ccccc3c2n1
CHEMBL597889	NC(=O)c1cccc2c1C(=O)N(C1CC[NH2+]C1)C2
CHEMBL597888	NC(=O)c1cccc2c1C(=O)N(C1CCCCC1)C2
CHEMBL47508	O=C(NCCN1CCOCC1)c1ccc2c(c1)[nH]c(=O)c1cc(F)ccc12
CHEMBL47508	O=C(NCC[NH+]1CCOCC1)c1ccc2c(c1)[nH]c(=O)c1cc(F)ccc12
CHEMBL1098299	NC(=O)c1cccc2cn(-c3ccc(C4CC[NH2+]CC4)cc3)nc12
CHEMBL603135	O=C(c1cc(Cc2c[nH]c(=O)c3cc(Cl)c(Cl)n23)ccc1F)N1CCN(c2ncc3ccccc3n2)CC1
CHEMBL481084	CC(C)(c1nc2c(C(N)=O)cccc2[nH]1)[NH+]1CCCC1
CHEMBL481084	CC(C)(c1nc2c(C(N)=O)cccc2[nH]1)N1CCCC1
CHEMBL540525	O=c1[nH]c2ccc(S(=O)(=O)NCC[NH+]3CCCCC3)cc2c2ccccc12
CHEMBL610165	O=C1NCC2c3c(cccc31)CCN2C(=O)C1CCC[NH2+]1
CHEMBL593837	O=C1NCC2c3c(cccc31)CCN2C(=O)C1CCCC1
CHEMBL593202	Cn1cc(CCC(=O)N2CCc3cccc4c3C2CNC4=O)cn1
CHEMBL553676	O=c1[nH]c2cc(C[NH2+]C3CC3)ccc2n2cccc12
CHEMBL562287	O=c1[nH]c2cc(C[NH2+]Cc3ccccc3)ccc2n2cccc12
CHEMBL562287	O=c1[nH]c2cc(CNCc3ccccc3)ccc2n2cccc12
CHEMBL593364	O=C1NCC2c3c(cccc31)CCN2C(=O)C1C[NH2+]C1
CHEMBL593363	O=C1NCC2c3c(cccc31)CCN2C(=O)C1CC[NH2+]C1
CHEMBL558645	O=C(CN1CCOCC1)NCCc1c[nH]c2ccc3c(c12)CCNC3=O
CHEMBL82940	O=c1[nH]c2c(c3ccccc13)CN(S(=O)(=O)CCN1CCC([NH+]3CCCC3)CC1)CC2
CHEMBL443798	NC(=O)c1cccc2[nH]c(-c3cccc(CN4CCOCC4)c3)nc12
CHEMBL371425	CCC(=O)Nc1cccc(Cc2n[nH]c(=O)c3ccccc23)c1
CHEMBL521714	CC1(c2nc3c(C(N)=O)cccc3[nH]2)CCC[NH2+]CC1
CHEMBL108919	O=C(CCn1c2c(c(=O)[nH]c1=O)CSCC2)NCC(=O)c1ccc(N2CCCC2)cc1
CHEMBL596142	NC(=O)c1cccc2cn(-c3ccc(C(=O)Nc4ccncc4)cc3)nc12
CHEMBL596143	NC(=O)c1cccc2cn(-c3ccc(C(=O)N4CCC[NH2+]CC4)cc3)nc12
CHEMBL473036	Nc1ncnc2c1ncn2C1OC(COCNC(=O)CCC(=O)Nc2cccc3c2CNC3=O)C(O)C1O
CHEMBL510733	Nc1ncnc2c1ncn2C1OC(COC(=O)N2CCN(CC(=O)Nc3cccc4c3CNC4=O)CC2)C(O)C1O
CHEMBL594975	O=C1NCC2c3c(cccc31)CCN2C(=O)c1cccc(C(=O)N2CCC[NH2+]CC2)c1
CHEMBL592910	O=C1NCC2c3c(cccc31)CCN2C(=O)c1ccc(C(=O)N2CCC[NH2+]CC2)cc1
CHEMBL563236	O=C(c1cc2nc([O-])c3ccccc3n2n1)N1CC[NH+]2CCCC2C1
CHEMBL563236	O=C(c1cc2nc([O-])c3ccccc3n2n1)N1CCN2CCCC2C1
CHEMBL494721	O=C(c1cc(Cc2n[nH]c(=O)c3ccccc23)ccc1F)N1CCN(C(=O)N2CCOCC2)CC1
CHEMBL594976	O=C1NCC2c3c(cccc31)CCN2C(=O)Cc1ccc(Cl)cc1
CHEMBL108623	O=C(CCn1c2c(c(=O)[nH]c1=O)CSCC2)NCC(=O)N1CCN(c2cc(C(F)(F)F)ccn2)CC1
CHEMBL249813	O=c1[nH]c(CCC[NH+]2CCC(c3ccccc3)CC2)nc2ccccc12
CHEMBL84265	O=c1[nH]c2c(c3ccccc13)CN(S(=O)(=O)CC[NH+]1CCCCC1)CC2
CHEMBL604878	NC(=O)c1cccc2cn(-c3ccc(NC(=O)C[NH+]4CCCC4)cc3)nc12
CHEMBL593377	NC(=O)c1cccc2cn(-c3ccc(NC(=O)C[NH+]4CCCCC4)cc3)nc12
CHEMBL597314	Cc1c(Cc2ccc(F)c(C(=O)N3CCN(C(=O)C4([NH2+]CC5CC5)CCCC4)CC3)c2)n[nH]c(=O)c1C
CHEMBL597314	Cc1c([O-])nnc(Cc2ccc(F)c(C(=O)N3CCN(C(=O)C4([NH2+]CC5CC5)CCCC4)CC3)c2)c1C
CHEMBL598543	CC(C)(C)C(=O)N1CCN(C(=O)c2cc(Cc3c[nH]c(=O)c4cc(Cl)c(Cl)n34)ccc2F)CC1
CHEMBL598544	O=C(c1cc(Cc2c[nH]c(=O)c3cc(Cl)c(Cl)n23)ccc1F)N1CCN(C(=O)C2CCCC2)CC1
CHEMBL1171304	O=c1[nH]c(NCC[NH+]2CCN(c3n[nH]c4ccccc34)CC2)nc2ccccc12
CHEMBL1171304	O=c1[nH]c(NCCN2CCN(c3n[nH]c4ccccc34)CC2)nc2ccccc12
CHEMBL598751	O=C(c1ccccn1)N1CCN(C(=O)c2cc(Cc3c[nH]c(=O)c4cc(Cl)c(Cl)n34)ccc2F)CC1
CHEMBL603457	O=C(c1ncc[nH]1)N1CCN(C(=O)c2cc(Cc3c[nH]c(=O)c4cc(Cl)c(Cl)n34)ccc2F)CC1
CHEMBL204862	COc1ccc(NC(=O)N2CCCN(C(=O)c3cccc(Cc4n[nH]c(=O)c5ccccc45)c3)CC2)cc1
CHEMBL541744	C[NH+](C)Cc1ccc2c(c1)NC(=O)C1CCCCN21
CHEMBL144690	[S-]C1=[NH+]CCc2c(-c3ccccc3)[nH]c3cccc1c23
CHEMBL204825	O=C(c1cccc(Cc2n[nH]c(=O)c3ccccc23)c1)N1CCOCC1
CHEMBL188477	O=C1NCCn2cc(/C(=N/O)c3ccccc3)c3cccc1c32
CHEMBL360820	O=C1NCCn2c(-c3ccc(F)cc3)c(-c3cc[nH]n3)c3cccc1c32
CHEMBL360820	O=C1NCCn2c(-c3ccc(F)cc3)c(-c3ccn[nH]3)c3cccc1c32
CHEMBL391403	CS(=O)(=O)NCc1nc(-c2ccc3[nH]c4c5c(c6c(c4c3c2)C(=O)NC6=O)CCC5)cs1
CHEMBL391402	O=C(NCc1nc(-c2ccc3[nH]c4c5c(c6c(c4c3c2)C(=O)NC6=O)CCC5)cs1)OCc1ccccc1
CHEMBL204809	CCC[NH+]1CCCN(C(=O)c2cc(Cc3n[nH]c(=O)c4ccccc34)ccc2F)CC1
CHEMBL480429	NC(=O)c1cccc2ccc(-c3ccccc3)nc12
CHEMBL471966	Cc1ccc2cccc(C(N)=O)c2n1
CHEMBL419475	NC(=O)c1cccc2[nH]c(-c3ccc(C[NH+]4CCCCC4)cc3)nc12
CHEMBL432166	NC(=O)c1cccc2[nH]c(-c3ccc(CN4CCOCC4)cc3)nc12
CHEMBL312135	NC(=O)c1cccc2[nH]c(-c3ccc(C[NH+]4CCCC4)cc3)nc12
CHEMBL372778	O=C(c1cccc(Cc2n[nH]c(=O)c3ccccc23)c1)N1CCCN(S(=O)(=O)c2ccc(-c3ccccc3)cc2)CC1
CHEMBL370838	CC1CC(=O)N(c2cc(Cc3n[nH]c(=O)c4ccccc34)ccc2F)C1=O
CHEMBL203982	O=C1NCc2c1c1c(c3[nH]c4ccc(C(=O)N5CCOCC5)cc4c23)CCC1
CHEMBL444846	O=c1[nH]c2c(c3ccc(F)cc13)C[NH2+]CC2
CHEMBL444846	O=c1[nH]c2c(c3ccc(F)cc13)CNCC2
CHEMBL595680	CN(C)C(=O)CCC(=O)N1CCc2cccc3c2C1CNC3=O
CHEMBL361054	O=c1[nH]c(=O)n(CCCC[NH+]2CC=C(c3ccccc3)CC2)c2cccc(F)c12
CHEMBL480710	NC(=O)c1ccccc1OCc1cccc(C(=O)N2CC[NH2+]CC2)c1
CHEMBL480710	NC(=O)c1ccccc1OCc1cccc(C(=O)N2CCNCC2)c1
CHEMBL560790	O=C1NCCc2c1ccc1[nH]cc(CCNC(=O)N3CCC[NH2+]CC3)c21
CHEMBL480704	CC(Oc1ccccc1)C(=O)N1CCN(C(=O)c2cccc(Cc3n[nH]c(=O)c4ccccc34)c2)CC1
CHEMBL107616	O=C(CCn1c2c(c(=O)[nH]c1=O)CSCC2)NCC(=O)c1cccc(-c2ccccc2)c1
CHEMBL596144	NC(=O)c1cccc2cn(-c3cccc(C(=O)N4CCC[NH2+]CC4)c3)nc12
CHEMBL107601	O=C(CCn1c2c(c(=O)[nH]c1=O)CSCC2)NCC(=O)N1CCN(c2ncccn2)CC1
CHEMBL108239	O=C(CCn1c2c(c(=O)[nH]c1=O)CSCC2)NCC(=O)N1CCN(c2cccnn2)CC1
CHEMBL480614	O=c1[nH]c(CCC[NH+]2CC=C(c3ccccc3)CC2)nc2c1CCC2
CHEMBL608232	Nc1ncnc2c1ncn2C1OC(CNC(=O)CCCCC(=O)Nc2cccc3c2CNC3=O)C(O)C1O
CHEMBL1088788	NC(=O)c1cc(F)cc2[nH]c(-c3ccc(C4CCCC[NH2+]4)cc3)nc12
CHEMBL194684	O=c1[nH]nc(CCCCCN2CCOCC2)c2ccccc12
CHEMBL194684	O=c1[nH]nc(CCCCC[NH+]2CCOCC2)c2ccccc12
CHEMBL373210	O=c1[nH]nc(CCCCN2CCOCC2)c2ccccc12
CHEMBL373210	O=c1[nH]nc(CCCC[NH+]2CCOCC2)c2ccccc12
CHEMBL310320	O=C(C1CCC[NH2+]1)N1CCc2c([nH]c(=O)c3ccccc23)C1
CHEMBL83760	O=c1[nH]c2c(c3ccccc13)CCCC2
CHEMBL303843	O=C1NCCn2c(-c3cccc4ccccc34)nc3cccc1c32
CHEMBL294060	Cc1nc2cccc3c2n1CCNC3=O
CHEMBL562175	O=C(c1cc2nc([O-])c3ccccc3n2n1)N1CC[NH+](CC2CC2)CC1
CHEMBL562175	O=C(c1cc2nc([O-])c3ccccc3n2n1)N1CCN(CC2CC2)CC1
CHEMBL610171	C[NH2+]Cc1ccc(-n2cc3cc(F)cc(C(N)=O)c3n2)cc1
CHEMBL497592	Cn1nc(-c2cccs2)c2c3c(c(=O)[nH]c21)CSC3
CHEMBL245558	O=C1NC(=O)c2c1c1c(c3[nH]c4ccc(-c5csc(-c6ccno6)n5)cc4c23)CCC1
CHEMBL596722	NC(=O)c1cccc2c1C(=O)N(c1ccc(C[NH+]3CCCC3)cc1)C2
CHEMBL611980	CN(C)c1ccc(N2Cc3cccc(C(N)=O)c3C2=O)cc1
CHEMBL550041	O=C(c1cccc(-c2cc3nc([O-])c4ccccc4n3n2)c1)N1CC[NH+]2CCCC2C1
CHEMBL550041	O=C(c1cccc(-c2cc3nc([O-])c4ccccc4n3n2)c1)N1CCN2CCCC2C1
CHEMBL589755	NC(=O)c1cccc2c1C(=O)N(CC1CCC[NH2+]1)C2
CHEMBL479777	NC(=O)c1cccc2[nH]c(C3([NH3+])Cc4ccccc4C3)nc12
CHEMBL479777	NC(=O)c1cccc2[nH]c(C3(N)Cc4ccccc4C3)nc12
CHEMBL598093	NC(=O)c1cccc2c1C(=O)N(CC1CCC[NH2+]C1)C2
CHEMBL446861	Cc1nn(C)c2[nH]c(=O)c3c(c12)CSC3
CHEMBL605575	Cc1c(Cc2ccc(F)c(C(=O)N3CCN(C(=O)C(C)(C)[NH+](C)C)CC3)c2)n[nH]c(=O)c1C
CHEMBL605575	Cc1c([O-])nnc(Cc2ccc(F)c(C(=O)N3CCN(C(=O)C(C)(C)[NH+](C)C)CC3)c2)c1C
CHEMBL599803	C[NH2+]C1(C(=O)N2CCN(C(=O)c3cc(Cc4n[nH]c(=O)c(C)c4C)ccc3F)CC2)CC1
CHEMBL599803	C[NH2+]C1(C(=O)N2CCN(C(=O)c3cc(Cc4nnc([O-])c(C)c4C)ccc3F)CC2)CC1
CHEMBL604293	Cc1c(Cc2ccc(F)c(C(=O)N3CCC4(CC[NH2+]4)CC3)c2)n[nH]c(=O)c1C
CHEMBL604293	Cc1c([O-])nnc(Cc2ccc(F)c(C(=O)N3CCC4(CC[NH2+]4)CC3)c2)c1C
CHEMBL590400	O=C(c1cc(Cc2c[nH]c(=O)c3cc(Cl)c(Cl)n23)ccc1F)N1CC[NH+](C2CCCCC2)CC1
CHEMBL590400	O=C(c1cc(Cc2c[nH]c(=O)c3cc(Cl)c(Cl)n23)ccc1F)N1CCN(C2CCCCC2)CC1
CHEMBL1098296	NC(=O)c1cccc2cn(-c3ccc4c(c3)CCNC4)nc12
CHEMBL1098296	NC(=O)c1cccc2cn(-c3ccc4c(c3)CC[NH2+]C4)nc12
CHEMBL607633	Nc1ncnc2c1ncn2C1OC(CNC(=O)CCCCCCC(=O)Nc2cccc3c2CNC3=O)C(O)C1O
CHEMBL471847	CC1(C)[NH2+]C(C)(C)c2cc(-c3nc4c(C(N)=O)cccc4[nH]3)ncc21
CHEMBL471640	CC1(C)[NH2+]C(C)(C)c2cc(-c3nc4c(C(N)=O)cccc4[nH]3)ccc21
CHEMBL472472	CC1(C)[NH2+]C(C)(C)c2sc(-c3nc4c(C(N)=O)cccc4[nH]3)cc21
CHEMBL472471	COc1cc(-c2nc3c(C(N)=O)cccc3[nH]2)ccc1OCC1=CC(C)(C)[NH2+]C1(C)C
CHEMBL472471	COc1cc(-c2nc3c(C(N)=O)cccc3[nH]2)ccc1OCC1=CC(C)(C)NC1(C)C
CHEMBL605844	Cc1c(Cc2ccc(F)c(C(=O)N3CCN(C(=O)C4([NH2+]CC5CC5)CCCCC4)CC3)c2)n[nH]c(=O)c1C
CHEMBL605844	Cc1c(Cc2ccc(F)c(C(=O)N3CCN(C(=O)C4(NCC5CC5)CCCCC4)CC3)c2)n[nH]c(=O)c1C
CHEMBL605844	Cc1c([O-])nnc(Cc2ccc(F)c(C(=O)N3CCN(C(=O)C4([NH2+]CC5CC5)CCCCC4)CC3)c2)c1C
CHEMBL433548	O=C1NCCc2c(-c3ccc(F)cc3)[nH]c3cccc1c23
CHEMBL540734	O=C1Nc2cc(C[NH+]3CCCC3)ccc2N2CCCC12
CHEMBL563634	O=C1NCCc2c1ccc1[nH]cc(CCNC(=O)C3CCN(c4ncccn4)CC3)c21
CHEMBL569636	NC(=O)c1cccc2[nH]c(-c3ccc(-c4noc([S-])n4)cc3)nc12
CHEMBL583526	NC(=O)c1cccc2[nH]c(-c3ccc(-c4nsc([O-])n4)cc3)nc12
CHEMBL196559	O=C1CCCN1c1cccc(Cc2n[nH]c(=O)c3ccccc23)c1
CHEMBL83432	O=c1[nH]c2c(c3ccccc13)CCN(S(=O)(=O)CCN1CCC([NH+]3CCCC3)CC1)C2
CHEMBL543393	CC(C)[NH+]1CCN(CC(=O)Nc2ccc3[nH]c(=O)c4ccccc4c3n2)CC1
CHEMBL543159	O=C(C[NH+]1CCCCC1)Nc1cnc2c(c1)[nH]c(=O)c1ccccc12
CHEMBL595716	NC(=O)c1cccc2cn(-c3ccc(C(=O)NCC[NH+]4CCCCC4)cc3)nc12
CHEMBL593145	NC(=O)c1cccc2cn(-c3ccc(C(=O)NCC[NH+]4CCCC4)cc3)nc12
CHEMBL543394	O=c1[nH]c2ccc(N3CCC([NH+]4CCCC4)CC3)nc2c2ccccc12
CHEMBL479356	CC(Oc1ccccc1)C(=O)N1CCN(C(=O)c2cc(COc3ccc(F)cc3C(N)=O)ccc2F)CC1
CHEMBL1171297	CC[NH+]1CCC(c2nn(C)c3[nH]c(=O)c4ccccc4c23)CC1
CHEMBL1171298	CCc1cc2cc(C(CC[NH+]3CCCCC3)Cc3ccc4c(c3)OCCO4)ccc2[nH]c1=O
CHEMBL608792	CN(CCC(=O)Nc1cccc2c1CNC2=O)C(=O)C1OC(n2cnc3c(N)ncnc32)C(O)C1O
CHEMBL194482	O=c1[nH]c2ccc(CCC[NH+]3CC=C(c4ccccc4)CC3)cc2c2ccccc12
CHEMBL196504	O=c1[nH]c2ccc(CCCC[NH+]3CC=C(c4ccccc4)CC3)cc2c2ccccc12
CHEMBL506871	CC1(c2nc3c(C(N)=O)cccc3[nH]2)CCC[NH2+]1
CHEMBL204866	COc1cc(C(=O)N2CCCN(C(=O)c3cccc(Cc4n[nH]c(=O)c5ccccc45)c3)CC2)cc(Cl)n1
CHEMBL480227	O=C1NCCn2c(C[NH+]3CCCCC3)cc3cccc1c32
CHEMBL446240	Nc1cccc2c(=O)[nH]ccc12
CHEMBL459362	CC1(C)C=C(c2ccc(-c3nc4c(C(N)=O)cccc4[nH]3)cc2)C(C)(C)N1O
CHEMBL520924	C[NH+]1CCN(C(=O)c2cccc(-c3nc4cccc5c4n3CCNC5=O)c2)CC1
CHEMBL520924	CN1CCN(C(=O)c2cccc(-c3nc4cccc5c4n3CCNC5=O)c2)CC1
CHEMBL516910	NC(=O)c1cc(F)ccc1OCc1ccc(F)c(C(=O)N2CCN(C(=O)C3CCCC3)CC2)c1
CHEMBL508796	Cc1nn(C)c2[nH]c(=O)c3c(c12)CCC3
CHEMBL496937	Cn1nc(-c2ccccc2)c2c3c(c(=O)[nH]c21)CCC3
CHEMBL506109	Cn1nc(-c2cccs2)c2c3c(c(=O)[nH]c21)CCC3
CHEMBL498007	C[NH+]1CCC(C)(c2nc3c(C(N)=O)cccc3[nH]2)C1
CHEMBL108339	COc1ccc(N2CCN(C(=O)CNC(=O)CCn3c4c(c(=O)[nH]c3=O)CSCC4)CC2)cc1
CHEMBL496976	CC1(c2nc3c(C(N)=O)cccc3[nH]2)CC[NH+](CCc2ccccc2)C1
CHEMBL498008	CC1(c2nc3c(C(N)=O)cccc3[nH]2)CC[NH+](Cc2ccccc2F)C1
CHEMBL498008	CC1(c2nc3c(C(N)=O)cccc3[nH]2)CCN(Cc2ccccc2F)C1
CHEMBL482059	NC(=O)c1ccccc1OCCc1ccc(F)c(C(=O)N2CCN(C(=O)C3CCCC3)CC2)c1
CHEMBL561717	C[NH+]1CCC(CNC(=O)c2cc3nc([O-])c4ccccc4n3n2)CC1
CHEMBL559584	O=C(NCCC1(N2CCOCC2)CCCC1)c1cc2nc([O-])c3ccccc3n2n1
CHEMBL559584	O=C(NCCC1([NH+]2CCOCC2)CCCC1)c1cc2nc([O-])c3ccccc3n2n1
CHEMBL195758	O=C1NC(CCC[NH+]2CC=C(c3ccccc3)CC2)=NC2CCSCC12
CHEMBL193679	O=C1NC(CCC[NH+]2CC=C(c3ccccc3)CC2)=NC2CCCCCC12
CHEMBL607844	Cc1ccn2c(c1)nc1c3ccccc3c(=O)[nH]c12
CHEMBL110729	O=C(CCn1c2c(c(=O)[nH]c1=O)CC=CCC2)NCC(=O)N1CCN(c2ncccn2)CC1
CHEMBL607649	Nc1ncnc2c1ncn2C1OC(CNC(=O)CCC(=O)Nc2cccc3c2CNC3=O)C(O)C1O
CHEMBL607648	Nc1ncnc2c1ncn2C1OC(CNC(=O)CCCC(=O)Nc2cccc3c2CNC3=O)C(O)C1O
CHEMBL1092777	CC[NH+]1CCCC(Oc2ccc3[nH]c(=O)c4c(c3c2)CCSC4)C1
CHEMBL593201	Cc1c(CC(=O)N2CCc3cccc4c3C2CNC4=O)sc2ccccc12
CHEMBL196450	O=C1CC(c2ccccc2)C(=O)N1c1cc(Cc2n[nH]c(=O)c3ccccc23)ccc1F
CHEMBL312316	O=C(CN1CC[NH+](C2CCCC2)CC1)N1CCc2c([nH]c(=O)c3ccccc23)C1
CHEMBL309636	O=C(CC[NH+]1CCCCC1)N1CCc2c([nH]c(=O)c3ccccc23)C1
CHEMBL312183	O=C(CCC[NH+]1CCCCC1)N1CCc2[nH]c(=O)c3ccccc3c2C1
CHEMBL323488	O=C(CCn1c2c(c(=O)[nH]c1=O)CSCC2)NCC(=O)c1ccc2ccccc2c1
CHEMBL108316	O=C(CCn1c2c(c(=O)[nH]c1=O)CSCC2)NCC(=O)N1CCN(c2ncncn2)CC1
CHEMBL604291	O=C(c1cc(Cc2c[nH]c(=O)c3cc(Cl)cn23)ccc1F)N1CCC[NH2+]CC1
CHEMBL363617	O=C1C=CC(=O)N1c1cccc(Cc2n[nH]c(=O)c3ccccc23)c1
CHEMBL433965	O=c1[nH]c2c(c3ccccc13)Cc1cc(S(=O)(=O)n3ccnc3)c(F)cc1-2
CHEMBL599596	O=C(c1cc(Cc2c[nH]c(=O)c3cc(Cl)c(Cl)n23)ccc1F)N1CCOCC1
CHEMBL569363	O=C1NCCc2c1ccc1[nH]cc(CCNCc3cn[nH]c3)c21
CHEMBL569363	O=C1NCCc2c1ccc1[nH]cc(CC[NH2+]Cc3cn[nH]c3)c21
CHEMBL460474	NC(=O)c1cccc2[nH]c(C3CCC[NH+](C4CCCC4)CC3)nc12
CHEMBL459853	N#Cc1ccc(N2CCC(c3nc4c(C(N)=O)cccc4[nH]3)CC2)cc1
CHEMBL569195	NC(=O)c1cccc2[nH]c(-c3ccc(-c4nnco4)cc3)nc12
CHEMBL579023	Cc1noc(-c2ccc(-c3nc4c(C(N)=O)cccc4[nH]3)cc2)n1
CHEMBL1094313	NC(=O)c1cccn2nc(-c3ccccc3)nc12
CHEMBL1096560	NC(=O)c1cccc2nn(-c3ccccc3)nc12
CHEMBL110381	O=c1[nH]c2ncccc2c2ccccc12
CHEMBL520922	C[NH+](CC1CCOC1)C(C)(C)c1nc2c(C(N)=O)cccc2[nH]1
CHEMBL520922	CN(CC1CCOC1)C(C)(C)c1nc2c(C(N)=O)cccc2[nH]1
CHEMBL481083	C[NH+](C1CCC1)C(C)(C)c1nc2c(C(N)=O)cccc2[nH]1
CHEMBL481083	CN(C1CCC1)C(C)(C)c1nc2c(C(N)=O)cccc2[nH]1
CHEMBL1096642	NC(=O)c1cccc2cn(-c3ccc(C[NH+]4CCCC4)cc3)nc12
CHEMBL521712	CC1(c2nc3c(C(N)=O)cccc3[nH]2)CCCC[NH2+]1
CHEMBL373066	O=C1NC(=O)c2c1ccc1[nH]ccc21
CHEMBL482055	CC(C)([NH2+]CCc1ccccc1)c1nc2cccc(C(N)=O)c2[nH]1
CHEMBL482055	CC(C)([NH2+]CCc1ccccc1)c1nc2c(C(N)=O)cccc2[nH]1
CHEMBL482055	CC(C)(NCCc1ccccc1)c1nc2c(C(N)=O)cccc2[nH]1
CHEMBL596925	NC(=O)c1cccc2c1C(=O)N(c1cccc(C[NH+]3CCCC3)c1)C2
CHEMBL607848	NC(=O)c1cccc2c1C(=O)N(c1ccc(C3CC[NH2+]CC3)cc1)C2
CHEMBL201907	O=C1NC(=O)c2c1c1c(c3[nH]ccc23)CCC1
CHEMBL460259	NC(=O)c1cccc2[nH]c(C3C[NH2+]CCN3)nc12
CHEMBL186776	N/C(=N/O)C1c2cccc3c2N(CCNC3=O)C1c1ccc(F)cc1
CHEMBL127396	Cc1cccc2c(=O)[nH]c(-c3ccc([N+](=O)[O-])cc3)nc12
CHEMBL127396	Cc1cccc2c(=O)nc(-c3ccc([N+](=O)[O-])cc3)[nH]c12
CHEMBL127396	Cc1cccc2c([O-])nc(-c3ccc([N+](=O)[O-])cc3)nc12
CHEMBL480715	NC(=O)c1ccccc1OCCc1cccc(C(=O)N2CC[NH2+]CC2)c1
CHEMBL480715	NC(=O)c1ccccc1OCCc1cccc(C(=O)N2CCNCC2)c1
CHEMBL123904	Cc1nc(=O)c2cccc([O-])c2[nH]1
CHEMBL123904	Cc1nc2c(O)cccc2c(=O)[nH]1
CHEMBL605916	C[NH+]1CCCCC1C(=O)Nc1ccc(-n2cc3cccc(C(N)=O)c3n2)cc1
CHEMBL593378	NC(=O)c1cccc2cn(-c3ccc(NC(=O)CN4CCOCC4)cc3)nc12
CHEMBL542927	O=C(C[NH+]1CCCCC1)Nc1ccc2[nH]c(=O)c3ccccc3c2n1
CHEMBL400581	O=c1[nH]c(N2CC(N3CC=C(c4ccccc4)CC3)C2)nc2ccccc12
CHEMBL400581	O=c1[nH]c(N2CC([NH+]3CC=C(c4ccccc4)CC3)C2)nc2ccccc12
CHEMBL1171806	C[NH+](C)Cc1ccc(-c2c[nH]c(=O)c3cccc(O)c23)cc1
CHEMBL250210	O=c1[nH]c(C2=CC([NH+]3CC=C(c4ccccc4)CC3)CCC2)nc2ccccc12
CHEMBL250210	O=c1[nH]c(C2=CC(N3CC=C(c4ccccc4)CC3)CCC2)nc2ccccc12
CHEMBL1170695	Cc1cccc2c(=O)[nH]c(CC[NH+]3CCCC3CO)cc12
CHEMBL193903	O=C(Nc1cccc(Cc2n[nH]c(=O)c3ccccc23)c1)c1ccc(-n2cccn2)nc1
CHEMBL549524	C[NH+](C)Cc1ccc2c(c1)CNC(=O)c1cccn1-2
CHEMBL597313	C[NH2+]C1(C(=O)N2CCN(C(=O)c3cc(Cc4n[nH]c(=O)c(C)c4C)ccc3F)CC2)CCCC1
CHEMBL597313	C[NH2+]C1(C(=O)N2CCN(C(=O)c3cc(Cc4nnc([O-])c(C)c4C)ccc3F)CC2)CCCC1
CHEMBL322268	O=C(CCn1c2c(c(=O)[nH]c1=O)CCCC2)NCC(=O)N1CCN(c2ccccc2)CC1
CHEMBL550053	C[NH+]1CCC(C(=O)NCCc2c[nH]c3ccc4c(c23)CCNC4=O)CC1
CHEMBL578397	NC(=O)c1cccc2[nH]c(-c3ccc(-c4cn5ccccc5n4)cc3)nc12
CHEMBL578397	NC(=O)c1cccc2[nH]c(-c3ccc(-c4cn5ccccc5[nH+]4)cc3)nc12
CHEMBL125200	Cc1cccc2c1CCNC2=O
CHEMBL1093845	NC(=O)c1cccc2[nH]c(-c3ccc(C4CC[NH2+]C4)cc3)nc12
CHEMBL1169488	NC(=O)c1cccc2cc(C3CCCCC3)nn12
CHEMBL202848	CN(Cc1ccccn1)C(=O)c1ccc2[nH]c3c4c(c5c(c3c2c1)CNC5=O)CCC4
CHEMBL372989	COc1cc2c(cc1OC)CN(C(=O)C1CCN(C(=O)c3cccc(Cc4n[nH]c(=O)c5ccccc45)c3)CC1)CC2
CHEMBL1094951	NC(=O)c1cccc2cn(Cc3ccccc3)nc12
CHEMBL203967	O=C(c1cc(Cc2n[nH]c(=O)c3ccccc23)ccc1F)N1CCC[NH+](CC2CC2)CC1
CHEMBL245989	O=C(CBr)c1ccc2[nH]c3c4c(c5c(c3c2c1)C(=O)NC5=O)CCC4
CHEMBL611322	O=C1NCC2c3c(cccc31)CCN2C(=O)C[NH+]1CCCCC1
CHEMBL611958	O=C1NCC2c3c(cccc31)CCN2C(=O)CN1CCN(c2ccccc2)CC1
CHEMBL320579	O=C(Cn1c2c(c(=O)[nH]c1=O)CSCC2)NCCC(=O)N1CCN(c2ncccn2)CC1
CHEMBL595679	O=C1NCC2c3c(cccc31)CCN2C(=O)C[NH+]1CCC(c2ccccc2)CC1
CHEMBL201869	O=C(c1cccc(Cc2n[nH]c(=O)c3ccccc23)c1)N1CCc2ccccc2C1
CHEMBL203597	CN(Cc1ccncc1)C(=O)c1ccc2[nH]c3c4c(c5c(c3c2c1)CNC5=O)CCC4
CHEMBL550501	CN(CC[NH+](C)C)C(=O)c1cc2nc([O-])c3ccccc3n2n1
CHEMBL596702	Cc1c(Cc2ccc(F)c(C(=O)N3CCN(C(=O)C4([NH+]5CCCC5)CCCC4)CC3)c2)n[nH]c(=O)c1C
CHEMBL596702	Cc1c([O-])nnc(Cc2ccc(F)c(C(=O)N3CCN(C(=O)C4([NH+]5CCCC5)CCCC4)CC3)c2)c1C
CHEMBL598752	Cc1c(Cc2ccc(F)c(C(=O)N3CCN(C(=O)C4(Nc5ccccc5)CCCC4)CC3)c2)n[nH]c(=O)c1C
CHEMBL598752	Cc1c([O-])nnc(Cc2ccc(F)c(C(=O)N3CCN(C(=O)C4(Nc5ccccc5)CCCC4)CC3)c2)c1C
CHEMBL196507	O=C(Nc1cccc(Cc2n[nH]c(=O)c3ccccc23)c1)C1CC1
CHEMBL344963	C[NH+](C)Cc1ccc(-c2[nH]c3cccc4c3c2CNC4=O)cc1
CHEMBL1091710	O=c1[nH]c2ccc(O)cc2c2c1CSCC2
CHEMBL83971	COc1ccc(CN(C)c2ccc(-c3nc4c(C(N)=O)cccc4[nH]3)cc2)cc1
CHEMBL539979	O=c1[nH]c2cc(C[NH2+]CC[NH+]3CCCC3)ccc2n2cccc12
CHEMBL539979	O=c1[nH]c2cc(CNCC[NH+]3CCCC3)ccc2n2cccc12
CHEMBL539979	O=c1[nH]c2cc(C[NH2+]CCN3CCCC3)ccc2n2cccc12
CHEMBL107260	O=C(CCn1c2c(c(=O)[nH]c1=O)CCCC2)NCC(=O)N1CCN(c2ncccn2)CC1
CHEMBL382744	O=C(c1cccc(Cc2n[nH]c(=O)c3ccccc23)c1)N1CCCN(S(=O)(=O)c2cccc(C(F)(F)F)c2)CC1
CHEMBL192951	O=C(CN1CCOCC1)Nc1ccc2c(c1)-c1[nH]c(=O)c3ccccc3c1C2
CHEMBL445050	CC([NH2+]C1CCCCC1)c1nc2c(C(N)=O)cccc2[nH]1
CHEMBL518484	NC(=O)c1cccc2[nH]c(C3CCN(S(=O)(=O)c4ccccc4)CC3)nc12
CHEMBL203884	CN(CCc1c[nH]c[nH+]1)C(=O)c1ccc2[nH]c3c4c(c5c(c3c2c1)CNC5=O)CCC4
CHEMBL203884	CN(CCc1c[nH]cn1)C(=O)c1ccc2[nH]c3c4c(c5c(c3c2c1)CNC5=O)CCC4
CHEMBL203884	CN(CCc1cnc[nH]1)C(=O)c1ccc2[nH]c3c4c(c5c(c3c2c1)CNC5=O)CCC4
CHEMBL493306	O=C(c1ccccc1)N1CCN(C(=O)c2cc(Cc3n[nH]c(=O)c4ccccc34)ccc2F)CC1
CHEMBL189698	O=C1NCCn2cc(/C=N/O)c3cccc1c32
CHEMBL425201	O=c1[nH]nc(CCCC[NH+]2CC=C(c3ccccc3)CC2)c2ccccc12
CHEMBL194416	CC1=NC2CCSCC2C(=O)N1
CHEMBL597541	Cc1c(Cc2ccc(F)c(C(=O)N3CCC4(CC[NH2+]C4)CC3)c2)n[nH]c(=O)c1C
CHEMBL597541	Cc1c([O-])nnc(Cc2ccc(F)c(C(=O)N3CCC4(CC[NH2+]C4)CC3)c2)c1C
CHEMBL371339	O=C(CN1CCN(c2ccc(F)cc2)CC1)Nc1ccc2c(c1)Cc1c-2[nH]c(=O)c2ccccc12
CHEMBL204348	O=C(c1cc(Cc2n[nH]c(=O)c3ccccc23)ccc1F)N1CCC[NH+](C2CCCCC2)CC1
CHEMBL148334	O=C1NCCc2c(-c3ccc(Cn4cccc4)cc3)[nH]c3cccc1c23
