CHEMBL430421	COC(=O)c1c(-c2cc(OC)c(OC)c(OC)c2)c2cc(OC)c(OC)cc2c(=O)n1C1CCCC1
CHEMBL286905	O=C1C2Cc3c([nH]c4ccccc34)C(c3ccc4c(c3)OCO4)N2C(=O)CN1C1CC[NH+](Cc2ccccc2)CC1
CHEMBL540031	COC(=O)c1c(-c2cc(OC)c(OC)c(OC)c2)c2ccc(OCc3ccccn3)nc2c(=O)n1Cc1ccnc(C)c1
CHEMBL540031	COC(=O)c1c(-c2cc(OC)c(OC)c(OC)c2)c2ccc(OCc3ccccn3)nc2c(=O)n1Cc1cc[nH+]c(C)c1
CHEMBL544818	c1ccc(CCNc2nc(-c3cccnc3)nc3ccccc23)cc1
CHEMBL555171	c1ccc(CCNc2nc(-n3ccnc3)nc3ccccc23)cc1
CHEMBL552025	CCCOCCn1c(=O)c(NCCN2CCOCC2)nc2ccc(-c3c(C)noc3C)nc21
CHEMBL552025	CCCOCCn1c(=O)c(NCC[NH+]2CCOCC2)nc2ccc(-c3c(C)noc3C)nc21
CHEMBL514402	CCOc1ccc(C2c3[nH]c4ccccc4c3CC3C(=O)N(Cc4cccnc4)C(=O)N32)cc1
CHEMBL46693	CCCOc1ccccc1-c1nc2ccsc2c(=O)[nH]1
CHEMBL46693	CCCOc1ccccc1-c1nc(=O)c2sccc2[nH]1
CHEMBL42435	CCCOc1ccccc1-c1nc2scc(C)c2c(=O)[nH]1
CHEMBL42435	CCCOc1ccccc1-c1nc(=O)c2c(C)csc2[nH]1
CHEMBL584270	CCCOCCn1c(=O)c(NCC2CCCO2)nc2cnc(-c3ccc(OC)nc3)cc21
CHEMBL117583	c1csc(CNc2nc(-n3ccnc3)nc3ccccc23)c1
CHEMBL25413	COC(=O)c1c(C(=O)N(C)C)cc2cc(OC)c(OC)cc2c1-c1cc(OC)c(OC)c(OC)c1
CHEMBL107349	CCn1c(=O)c2c(nc(NC3CCCCC3)n2Cc2ccc(OC)c(F)c2)n(CC)c1=O
CHEMBL342459	O=C1C2Cc3c([nH]c4ccccc34)C(c3ccc4c(c3)OCO4)N2C(=O)CN1Cc1ccccc1
CHEMBL298295	CCCOc1ccc([N+](=O)[O-])cc1-c1nc2c(c(C)nn2CC)c(=O)[nH]1
CHEMBL298295	CCCOc1ccc([N+](=O)[O-])cc1-c1nc([O-])c2c(C)nn(CC)c2n1
CHEMBL72423	COC(=O)c1c(-c2cc(OC)c(OC)c(OC)c2)c2ccc(OCCc3ccccn3)cc2c(=O)n1-c1ccc(N)cc1
CHEMBL338500	COc1ccc(-c2cnc(N3Cc4c([nH]c5ccccc5c4=O)C3c3ccc4c(c3)OCO4)nc2)cc1OC
CHEMBL296294	CCCOc1ccc(-c2n[nH]c(-c3ccccc3)n2)cc1-c1nc2c(c(C)nn2CC)c(=O)[nH]1
CHEMBL296294	CCCOc1ccc(-c2nc(-c3ccccc3)n[nH]2)cc1-c1nc2c(c(C)nn2CC)c(=O)[nH]1
CHEMBL108844	CCn1c(=O)c2c(nc(NC3CCCC3)n2Cc2ccc(OC)c(F)c2)n(CC)c1=O
CHEMBL295329	CCCOc1ccc(-c2csc(-c3cccnc3)n2)cc1-c1nc2c(c(C)nn2CC)c(=O)[nH]1
CHEMBL178541	O=c1c2c([nH]c3ccccc13)C(c1ccc3c(c1)CCO3)N(c1ncc(-c3cccnc3)cn1)C2
CHEMBL366118	CCc1cc(C(C)=O)c(O)cc1OCc1cccc(C(=O)Nc2nc(CC(=O)NO)cs2)n1
CHEMBL366212	O=C(Cc1csc(NC(=O)c2cccc(SC(F)(F)F)c2)n1)NO
CHEMBL360793	Cc1[nH+]cc(-c2cnc(N3Cc4c([nH]c5ccccc5c4=O)C3c3ccc4c(c3)CCO4)nc2)n1C
CHEMBL360793	Cc1ncc(-c2cnc(N3Cc4c([nH]c5ccccc5c4=O)C3c3ccc4c(c3)CCO4)nc2)n1C
CHEMBL177881	O=c1c2c([nH]c3ccccc13)C(c1ccc3occc3c1)N(c1ncc(-c3ccccn3)cn1)C2
CHEMBL178056	O=c1c2c([nH]c3ccccc13)C(c1ccc3c(c1)CCO3)N(c1ccc(-c3cncn3Cc3ccccc3)cn1)C2
CHEMBL1085374	CCCc1nc(C)c2c([N-]S(C)(=O)=O)nc3ccc(OC)nc3n12
CHEMBL8184	CCCCNc1c(C(=O)OCC)cnc2c1cnn2CC
CHEMBL7868	CCn1ncc2c(NCc3ccc(OC)c(Cl)c3)c(C(=O)NCc3ccncc3)cnc21
CHEMBL1094263	O=C1C2Cc3c([nH]c4ccccc34)C(c3ccccc3Br)N2C(=O)CN1Cc1ccccc1
CHEMBL54079	CCCc1nn(C)c2c(=O)[nH]c(-c3ccccc3OCC)nc12
CHEMBL54079	CCCc1nn(C)c2c(=O)nc(-c3ccccc3OCC)[nH]c12
CHEMBL54079	CCCc1nn(C)c2c([O-])nc(-c3ccccc3OCC)nc12
CHEMBL561088	CCCOCCn1c(=O)c(NCC2CCOCC2)nc2ccc(-c3ccncc3)nc21
CHEMBL182895	CCOc1ccccc1-c1nn2c(C)nc(C)c2c(=O)[nH]1
CHEMBL182895	CCOc1ccccc1-c1nc([O-])c2c(C)nc(C)n2n1
CHEMBL43795	CCCOc1ccccc1-c1nc2ccncc2c(=O)[nH]1
CHEMBL43795	CCCOc1ccccc1-c1nc(=O)c2cnccc2[nH]1
CHEMBL43795	CCCOc1ccccc1-c1nc([O-])c2cnccc2n1
CHEMBL336815	COc1ccc(-c2cnc(N3Cc4c([nH]c5ccccc5c4=O)C3c3ccc4c(c3)CCO4)nc2)cc1OC
CHEMBL195282	Cc1nn(Cc2ccccc2)c(=O)c2nc(CCc3ccccc3)n3nc(-c4ccccc4)cc3c12
CHEMBL305988	CN1C(=O)c2nc(CC3CCCC3)[nH]c2N2C1=[NH+]C1CCCC12
CHEMBL305988	CN1C(=O)c2[nH]c(CC3CCCC3)nc2N2C1=[NH+]C1CCCC12
CHEMBL305988	CN1C(=O)c2[nH]c(CC3CCCC3)[nH+]c2N2C1=[NH+]C1CCCC12
CHEMBL359924	CCOc1ccccc1-c1nc([O-])c2onc(C3CCCC3)c2n1
CHEMBL42779	CCCOc1ccc(C(=O)CN2CCOCC2)cc1-c1nc2c(c(C)nn2C)c(=O)[nH]1
CHEMBL538896	CCCn1ccc(=O)c2c(N)nc(-c3ccccc3)cc21
CHEMBL352722	CCCc1nc(C)c2c(=O)[nH]c(-c3ccccc3OCC)nn12
CHEMBL352722	CCCc1nc(C)c2c([O-])nc(-c3ccccc3OCC)nn12
CHEMBL504620	CCCc1nn(C)c2c(=O)[nH]c(-c3cc(S(=O)(=O)N4CCN(c5cccc6ccccc56)CC4)ccc3OCC)nc12
CHEMBL504620	CCCc1nn(C)c2c(=O)nc(-c3cc(S(=O)(=O)N4CCN(c5cccc6ccccc56)CC4)ccc3OCC)[nH]c12
CHEMBL504620	CCCc1nn(C)c2c([O-])nc(-c3cc(S(=O)(=O)N4CCN(c5cccc6ccccc56)CC4)ccc3OCC)nc12
CHEMBL498866	CCCc1nn(C)c2c(=O)[nH]c(-c3cc(S(=O)(=O)N4CCN(c5ccc([N+](=O)[O-])cc5)CC4)ccc3OCC)nc12
CHEMBL498866	CCCc1nn(C)c2c(=O)nc(-c3cc(S(=O)(=O)N4CCN(c5ccc([N+](=O)[O-])cc5)CC4)ccc3OCC)[nH]c12
CHEMBL498866	CCCc1nn(C)c2c([O-])nc(-c3cc(S(=O)(=O)N4CCN(c5ccc([N+](=O)[O-])cc5)CC4)ccc3OCC)nc12
CHEMBL246470	COc1ccc2cncc(Cc3nc4c([nH]3)c(=O)n(C)c(=O)n4CC(C)C)c2c1
CHEMBL246470	COc1ccc2c[nH+]cc(Cc3nc4c([nH]3)c(=O)n(C)c(=O)n4CC(C)C)c2c1
CHEMBL298282	CCCOc1ccc(-c2ccc(C)s2)cc1-c1nc2c(c(C)nn2C)c(=O)[nH]1
CHEMBL11709	CCOC(=O)c1cc2c(cn1)[nH]c1ccccc12
CHEMBL11709	CCOC(=O)c1cc2c(c[nH+]1)[nH]c1ccccc12
CHEMBL567016	CCCOCCn1c(=O)c(NCC2CCOCC2)nc2ncc(-c3ccc(OC)nc3)cc21
CHEMBL565306	CCCOCCn1c(=O)c(NCC(=O)N2CCOCC2)nc2cnc(-c3ccc(OC)nc3)cc21
CHEMBL565305	CCCOCCn1c(=O)c(NCc2cnccn2)nc2cnc(-c3ccc(OC)nc3)cc21
CHEMBL1095440	CCc1nn(CCOCC(F)(F)F)c2c(Nc3ccncn3)nc(N3CCC[NH2+]CC3)nc12
CHEMBL193995	Cc1nn(Cc2ccccc2)c(=O)c2nc(Cc3ccncc3)n3nc(-c4ccccc4)cc3c12
CHEMBL372427	CCN1C(=O)c2nc(Cc3ccccc3)[nH]c2N2CC(C(C)C)[NH+]=C12
CHEMBL372427	CCN1C(=O)c2[nH]c(Cc3ccccc3)nc2N2CC(C(C)C)[NH+]=C12
CHEMBL34169	O=C1C2Cc3c([nH]c4ccccc34)C(c3ccc(=O)[nH]c3)N2C(=O)CN1C1CC[NH+](Cc2ccccc2)C1
CHEMBL34169	O=C1C2Cc3c([nH]c4ccccc34)C(c3ccc(=O)[nH]c3)N2C(=O)CN1C1CCN(Cc2ccccc2)C1
CHEMBL22906	CCCOc1ccc(S(=O)(=O)N2CCN(C)CC2)cc1-c1nc2cc3nc[nH]c3cc2c(=O)[nH]1
CHEMBL22906	CCCOc1ccc(S(=O)(=O)N2CCN(C)CC2)cc1-c1nc([O-])c2cc3[nH]cnc3cc2n1
CHEMBL22906	CCCOc1ccc(S(=O)(=O)N2CC[NH+](C)CC2)cc1-c1nc([O-])c2cc3[nH]cnc3cc2n1
CHEMBL22906	CCCOc1ccc(S(=O)(=O)N2CC[NH+](C)CC2)cc1-c1nc2cc3nc[nH]c3cc2c(=O)[nH]1
CHEMBL22906	CCCOc1ccc(S(=O)(=O)N2CCN(C)CC2)cc1-c1nc(=O)c2cc3[nH]cnc3cc2[nH]1
CHEMBL63548	CCCOc1ccc(S(=O)(=O)N2CC[NH+](CP(=O)([O-])[O-])CC2)cc1-c1nc2c(CCC)nn(C)c2c(=O)[nH]1
CHEMBL63548	CCCOc1ccc(S(=O)(=O)N2CC[NH+](CP(=O)([O-])[O-])CC2)cc1-c1nc(=O)c2c([nH]1)c(CCC)nn2C
CHEMBL63548	CCCOc1ccc(S(=O)(=O)N2CC[NH+](CP(=O)([O-])[O-])CC2)cc1-c1nc([O-])c2c(n1)c(CCC)nn2C
CHEMBL383202	CCCCOc1ncc(C(C)=O)cc1-c1nc([O-])c2nn(Cc3nccn3C)c(CC)c2n1
CHEMBL383202	CCCCOc1ncc(C(C)=O)cc1-c1nc([O-])c2nn(Cc3[nH+]ccn3C)c(CC)c2n1
CHEMBL383202	CCCCOc1ncc(C(C)=O)cc1-c1nc(=O)c2nn(Cc3nccn3C)c(CC)c2[nH]1
CHEMBL8198	CCn1ncc2c(NCc3ccc(OC)c(Cl)c3)c(C(=O)NCCCN3CCCC3=O)cnc21
CHEMBL208583	CCCOc1ncc(C(C)=O)cc1-c1nc([O-])c2nn(C3C[NH+](C(C)C)C3)c(CC)c2n1
CHEMBL208583	CCCOc1ncc(C(C)=O)cc1-c1nc2c(CC)n(C3CN(C(C)C)C3)nc2c(=O)[nH]1
CHEMBL208583	CCCOc1ncc(C(C)=O)cc1-c1nc(=O)c2nn(C3CN(C(C)C)C3)c(CC)c2[nH]1
CHEMBL208583	CCCOc1ncc(C(C)=O)cc1-c1nc([O-])c2nn(C3CN(C(C)C)C3)c(CC)c2n1
CHEMBL208583	CCCOc1ncc(C(C)=O)cc1-c1nc2c(CC)n(C3C[NH+](C(C)C)C3)nc2c(=O)[nH]1
CHEMBL208583	CCCOc1ncc(C(C)=O)cc1-c1nc(=O)c2nn(C3C[NH+](C(C)C)C3)c(CC)c2[nH]1
CHEMBL550007	O=c1c(NCCN2CCOCC2)nc2ccc(-c3ccc(F)c(F)c3)nc2n1CC1CCCCC1
CHEMBL550007	O=c1c(NCC[NH+]2CCOCC2)nc2ccc(-c3ccc(F)c(F)c3)nc2n1CC1CCCCC1
CHEMBL183150	CCOc1ccc(S(=O)(=O)N2CCN(CCO)CC2)cc1-c1nc([O-])n2c(C)nc(C3CCCC3)c2n1
CHEMBL183150	CCOc1ccc(S(=O)(=O)N2CCN(CCO)CC2)cc1-c1nc(=O)n2c(C)nc(C3CCCC3)c2[nH]1
CHEMBL87304	CCOc1ccc(S(=O)(=O)N2CCN(C)CC2)cc1-c1nc2c([nH]1)c(=O)n(C)c(=O)n2CC1CC1
CHEMBL87304	CCOc1ccc(S(=O)(=O)N2CC[NH+](C)CC2)cc1-c1nc2c([nH]1)c(=O)n(C)c(=O)n2CC1CC1
CHEMBL39065	CCc1cc(C#N)cc2c(NCc3ccc(OC)c(Cl)c3)c(C(=O)NCc3ccccn3)cnc12
CHEMBL38735	CCc1cc(C#N)cc2c(NCc3ccc(OC)c(Cl)c3)c(CO)c[nH+]c12
CHEMBL38735	CCc1cc(C#N)cc2c(NCc3ccc(OC)c(Cl)c3)c(CO)cnc12
CHEMBL166018	CC(=O)Nc1cccc(-c2ccc(C(=O)N3CCc4c([nH]c5ccccc45)C3c3ccc4c(c3)OCO4)o2)c1
CHEMBL349299	Cn1c2c(c(=O)c3ccccc31)CN(C(=O)OCc1ccncc1)C2c1ccc2c(c1)OCO2
CHEMBL351813	O=C(OCc1ccncc1)N1Cc2c([nH]c3ccccc3c2=O)C1c1ccc2c(c1)OCO2
CHEMBL361864	CCOc1ccccc1-c1nc([O-])c2nnn(C3CCCC3)c2n1
CHEMBL361864	CCOc1ccccc1-c1nc(=O)c2nnn(C3CCCC3)c2[nH]1
CHEMBL1098055	CCCOCCn1nc(CC)c2nc(N3CC[NH2+]CC3)nc(Nc3ccccn3)c21
CHEMBL542707	COc1ccc2nc(-n3ccnc3)nc(NCc3ccco3)c2c1
CHEMBL594160	COC(=O)N(C)c1cc2c(NCc3ccc(OC)c(Cl)c3)ncnc2c(CCO)c1OC
CHEMBL100503	CCOC(=O)c1sc(Nc2nc(NCc3ccc(S(N)(=O)=O)cc3)c3c(ncn3CC)n2)nc1C
CHEMBL100503	CCOC(=O)c1sc(Nc2nc(NCc3ccc(S(N)(=O)=O)cc3)c3c(ncn3CC)[nH+]2)nc1C
CHEMBL243362	C=C(C)C(CC=C(C)C)Cc1c(O)cc(OC)c(C(=O)/C=C/c2ccc(O)cc2O)c1O
CHEMBL349947	COc1ccc(-c2cnc(N3CCc4c([nH]c5ccccc45)C3c3ccc4c(c3)OCO4)nc2)cc1OC
CHEMBL227489	CCCOc1ccc(S(=O)(=O)N2CCN(CC)CC2)cc1-c1nc2cc3ncn(Cc4ccccc4)c3cc2c(=O)[nH]1
CHEMBL227489	CCCOc1ccc(S(=O)(=O)N2CCN(CC)CC2)cc1-c1nc([O-])c2cc3c(cc2n1)ncn3Cc1ccccc1
CHEMBL227489	CCCOc1ccc(S(=O)(=O)N2CCN(CC)CC2)cc1-c1nc(=O)c2cc3c(cc2[nH]1)ncn3Cc1ccccc1
CHEMBL227489	CCCOc1ccc(S(=O)(=O)N2CC[NH+](CC)CC2)cc1-c1nc2cc3ncn(Cc4ccccc4)c3cc2c(=O)[nH]1
CHEMBL541822	COC(=O)c1c(-c2cc(OC)c(OC)c(OC)c2)c2ccc(OCc3cnccn3)nc2c(=O)n1Cc1ccnc(C)c1
CHEMBL541822	COC(=O)c1c(-c2cc(OC)c(OC)c(OC)c2)c2ccc(OCc3cnccn3)nc2c(=O)n1Cc1cc[nH+]c(C)c1
CHEMBL541823	COC(=O)c1c(-c2cc(OC)c(OC)c(OC)c2)c2ccnc(NCCO)c2c(=O)n1Cc1ccnc(C)c1
CHEMBL541823	COC(=O)c1c(-c2cc(OC)c(OC)c(OC)c2)c2ccnc(NCCO)c2c(=O)n1Cc1cc[nH+]c(C)c1
CHEMBL189520	O=C(Nc1nc(C(Cc2ccccc2)C(=O)NO)cs1)c1cccc(COc2ccccc2)n1
CHEMBL359944	CCOc1ccccc1-c1nc2c(ncn2C2CCCC2)c(=O)[nH]1
CHEMBL42570	CCCOc1ccccc1-c1nc2cnccc2c(=O)[nH]1
CHEMBL42570	CCCOc1ccccc1-c1nc(=O)c2ccncc2[nH]1
CHEMBL42570	CCCOc1ccccc1-c1nc([O-])c2ccncc2n1
CHEMBL305617	CN1C(=O)C2NC(CC3CCCC3)[NH+]=C2N2CC3(CCCC3)N=C12
CHEMBL557593	CCOc1cc2cc(CO)c(CO)c(-c3ccnc(-n4nc(-c5cccnc5)c5ccccc5c4=O)c3)c2cc1OCC
CHEMBL133285	COc1ccc(-c2cnc(N3CC(=O)c4c([nH]c5ccccc45)C3c3ccc4c(c3)OCO4)nc2)cc1OC
CHEMBL362938	CCN1C(=O)c2nc(C#Cc3ccccc3)n(Cc3ccc(O)cc3)c2N2CC(Cc3ccccc3)[NH+]=C12
CHEMBL25616	O=C([O-])C1CCN(c2nc(NCc3ccc4c(c3)OCO4)c3cc(Cl)ccc3n2)CC1
CHEMBL25616	O=C([O-])C1CCN(c2nc(NCc3ccc4c(c3)OCO4)c3cc(Cl)ccc3[nH+]2)CC1
CHEMBL474228	CCOC(=O)c1sc(Nc2nc(N3CCC(O)CC3)cc(N3CCC(O)CC3)n2)nc1C
CHEMBL295224	CCCOc1ccc(Nc2n[nH]c(N)n2)cc1-c1nc2c(c(C)nn2C)c(=O)[nH]1
CHEMBL353248	CCCOc1ccccc1-c1nc2c(ncn2CCC)c(=O)[nH]1
CHEMBL213099	Cc1nn(Cc2ccncc2)c(=O)c2nc(C)n3nc(-c4ccccc4)cc3c12
CHEMBL132689	O=c1c2c([nH]c3ccccc13)C(c1ccc3c(c1)CCO3)N(c1ncccn1)C2
CHEMBL177427	O=c1c2c([nH]c3ccccc13)C(c1ccc3c(c1)CCO3)N(c1ncc(-c3ccncc3)cn1)C2
CHEMBL367206	O=c1c2c([nH]c3ccccc13)C(c1ccc3c(c1)CCO3)N(c1ccc(-c3ccccn3)cn1)C2
CHEMBL248087	O=C1C2Cc3c([nH]c4ccccc34)C(c3ccc4c(c3)OCO4)N2C(=O)CN1c1ccsc1
CHEMBL367142	Cn1cncc1-c1ccc(N2Cc3c([nH]c4ccccc4c3=O)C2c2ccc3c(c2)CCO3)nc1
CHEMBL367142	Cn1c[nH+]cc1-c1ccc(N2Cc3c([nH]c4ccccc4c3=O)C2c2ccc3c(c2)CCO3)nc1
CHEMBL177348	O=c1c2c([nH]c3ccccc13)C(c1ccc3c(c1)OCO3)N(c1ccc(-n3ccnc3)cc1)C2
CHEMBL303917	CN1C(=O)c2c(nc(CC3CCCCC3)n2Cc2ccccc2)N2C1=[NH+]C1CCCC12
CHEMBL303917	CN1C(=O)c2c([nH+]c(CC3CCCCC3)n2Cc2ccccc2)N2C1=[NH+]C1CCCC12
CHEMBL247073	COc1ccc(N2CC(=O)N3C(Cc4c([nH]c5ccccc45)C3c3ccc4c(c3)OCO4)C2=O)cc1
CHEMBL178693	Cc1ncc(-c2cnc(N3Cc4c([nH]c5ccccc5c4=O)C3c3ccc4c(c3)CCO4)nc2)n1Cc1ccccc1
CHEMBL178693	Cc1[nH+]cc(-c2cnc(N3Cc4c([nH]c5ccccc5c4=O)C3c3ccc4c(c3)CCO4)nc2)n1Cc1ccccc1
CHEMBL18745	CCCCCCc1nc2c([nH]1)C(=O)N(C)C1=[NH+]C3CCCC3N12
CHEMBL18745	CCCCCCc1nc2c([nH]1)N1C(=[NH+]C3CCCC31)N(C)C2=O
CHEMBL18745	CCCCCCc1[nH]c2c([nH+]1)N1C(=[NH+]C3CCCC31)N(C)C2=O
CHEMBL26396	CCN1C(=O)c2c(nc(C#Cc3ccccc3)n2Cc2ccc(O)cc2)N2C1=[NH+]C1CCCC12
CHEMBL1094830	CCOCCn1nc(CC)c2nc(N(C)C3CC[NH2+]C3)nc(Nc3cc(C)ccn3)c21
CHEMBL1094830	CCOCCn1nc(CC)c2nc(N(C)C3CC[NH2+]C3)nc(Nc3cc(C)cc[nH+]3)c21
CHEMBL543818	COC(=O)c1c(-c2cc(OC)c(OC)c(OC)c2)c2ccc(OC)cc2c(=O)n1-c1ccc(N)cc1
CHEMBL118462	c1ccc(CNc2nc(-c3ccncc3)nc3ccccc23)cc1
CHEMBL560687	COc1ccc(-c2ccc3nc(NCC4CCOCC4)c(=O)n(CC4CCCCC4)c3n2)cn1
CHEMBL583914	CC1CN(Cc2ccc3nccnc3c2)CC1c1nc2c(cnn2C2CCCC2)c(=O)[nH]1
CHEMBL558466	CCCOCCn1c(=O)c(NCC2CCOCC2)nc2ccc(-c3ccc(F)cc3)nc21
CHEMBL370413	CCN1C(=O)c2nc(Br)n(Cc3ccc(O)cc3)c2N2CC(Cc3ccccc3)[NH+]=C12
CHEMBL492795	CCCc1nn(C)c2c(=O)[nH]c(-c3cc(S(=O)(=O)NCCNc4cccc5ccccc45)ccc3OCC)nc12
CHEMBL492795	CCCc1nn(C)c2c(=O)nc(-c3cc(S(=O)(=O)NCCNc4cccc5ccccc45)ccc3OCC)[nH]c12
CHEMBL492795	CCCc1nn(C)c2c([O-])nc(-c3cc(S(=O)(=O)NCCNc4cccc5ccccc45)ccc3OCC)nc12
CHEMBL494817	CCCc1nn(C)c2c(=O)[nH]c(-c3cc(S(=O)(=O)NCCNc4ccccc4)ccc3OCC)nc12
CHEMBL494817	CCCc1nn(C)c2c(=O)nc(-c3cc(S(=O)(=O)NCCNc4ccccc4)ccc3OCC)[nH]c12
CHEMBL494817	CCCc1nn(C)c2c([O-])nc(-c3cc(S(=O)(=O)NCCNc4ccccc4)ccc3OCC)nc12
CHEMBL70471	CN1C(=O)c2c(nc(CC3CC3)n2Cc2ccccc2)N2C1=[NH+]C1CCCC12
CHEMBL70471	CN1C(=O)c2c([nH+]c(CC3CC3)n2Cc2ccccc2)N2C1=[NH+]C1CCCC12
CHEMBL70295	CN1C(=O)c2nc(CC3CC3)[nH]c2N2C1=[NH+]C1CCCC12
CHEMBL70295	CN1C(=O)c2[nH]c(CC3CC3)nc2N2C1=[NH+]C1CCCC12
CHEMBL194010	CCOc1ccccc1-c1nc2c(nc3cccc(C)n32)c(=O)[nH]1
CHEMBL296071	CCCOc1ccc(-c2csc(C)n2)cc1-c1nc2c(c(C)nn2C)c(=O)[nH]1
CHEMBL430199	COc1cc2cncc(Cc3nc4c([nH]3)c(=O)n(C)c(=O)n4CC3CC3)c2cc1OC
CHEMBL430199	COc1cc2c[nH+]cc(Cc3nc4c([nH]3)c(=O)n(C)c(=O)n4CC3CC3)c2cc1OC
CHEMBL245648	COc1cc2cncc(Cc3nc4c([O-])n(C)c(=O)n(Cc5ccc([N-]S(=O)(=O)C(C)C)cc5)c-4n3)c2cc1OC
CHEMBL245648	COc1cc2c[nH+]cc(Cc3nc4c([nH]3)c(=O)n(C)c(=O)n4Cc3ccc([N-]S(=O)(=O)C(C)C)cc3)c2cc1OC
CHEMBL245648	COc1cc2cncc(Cc3nc4c([nH]3)c(=O)n(C)c(=O)n4Cc3ccc(NS(=O)(=O)C(C)C)cc3)c2cc1OC
CHEMBL245648	COc1cc2cncc(Cc3nc4c([nH]3)c(=O)n(C)c(=O)n4Cc3ccc([N-]S(=O)(=O)C(C)C)cc3)c2cc1OC
CHEMBL34276	COc1ccc(C2c3[nH]c4ccccc4c3CC3C(=O)N(C4CC[NH+](Cc5ccccc5)C4)CC(=O)N32)cc1
CHEMBL34276	COc1ccc(C2c3[nH]c4ccccc4c3CC3C(=O)N(C4CCN(Cc5ccccc5)C4)CC(=O)N32)cc1
CHEMBL363668	CCc1cc(C(C)=O)c(O)cc1OCc1cccc(C(=O)NCCCCCCCCCC(=O)NO)n1
CHEMBL362755	CCc1cc(C(C)=O)c(O)cc1OCc1cccc(C(=O)NC(C)C(=O)[O-])c1
CHEMBL266960	COc1ccc(CNc2n[nH+]c(N3CCC(O)CC3)c3ccc(C#N)cc23)cc1Cl
CHEMBL266960	COc1ccc(CNc2nnc(N3CCC(O)CC3)c3ccc(C#N)cc23)cc1Cl
CHEMBL436144	CCN1C(=O)c2c(nc(Cc3ccccc3)n2Cc2ccc3c(c2)OCO3)N2C1=[NH+]C1CCCC12
CHEMBL371793	Cc1nn(Cc2ccccc2)c(=O)c2nc(-c3ccccn3)n3nc(-c4ccccc4)cc3c12
CHEMBL140185	CC(C)C1CN2C(=[NH+]1)N(C)C(=O)c1c2nn(C)c1Cc1ccccc1
CHEMBL33121	O=C1C2Cc3c([nH]c4ccccc34)C(c3ccc4c(c3)OCO4)N2C(=O)CN1C1CC[NH+](CCc2cnccn2)C1
CHEMBL305427	COC(=O)c1[nH]c(=O)c2cc(OC)c(OC)cc2c1-c1cc(OC)c(OC)c(OC)c1
CHEMBL70432	COC(=O)c1c(-c2cc(OC)c(OC)c(OC)c2)c2cc(OC)c(OC)cc2c(=O)n1C
CHEMBL183877	CCCc1nc(C)n2c([O-])nc(-c3cc(S(=O)(=O)N4CCN(C)CC4)ccc3OCC)nc12
CHEMBL183877	CCCc1nc(C)n2c(=O)nc(-c3cc(S(=O)(=O)N4CC[NH+](C)CC4)ccc3OCC)[nH]c12
CHEMBL183877	CCCc1nc(C)n2c([O-])nc(-c3cc(S(=O)(=O)N4CC[NH+](C)CC4)ccc3OCC)nc12
CHEMBL183877	CCCc1nc(C)n2c(=O)nc(-c3cc(S(=O)(=O)N4CCN(C)CC4)ccc3OCC)[nH]c12
CHEMBL188211	O=C(Cc1cccc(NC(=O)c2cccc(COc3ccccc3)n2)c1)NO
CHEMBL117108	c1ccc(CNc2nc(-c3cccs3)nc3ccccc23)cc1
CHEMBL554946	c1ccc2c(NCC3CCCCC3)nc(-n3ccnc3)nc2c1
CHEMBL245517	CCCOc1ccc(S(=O)(=O)N2CCN(CP(=O)([O-])OCC)CC2)cc1-c1nc2c(CCC)nn(C)c2c(=O)[nH]1
CHEMBL245517	CCCOc1ccc(S(=O)(=O)N2CCN(CP(=O)([O-])OCC)CC2)cc1-c1nc(=O)c2c([nH]1)c(CCC)nn2C
CHEMBL245517	CCCOc1ccc(S(=O)(=O)N2CCN(CP(=O)([O-])OCC)CC2)cc1-c1nc([O-])c2c(n1)c(CCC)nn2C
CHEMBL245317	CCCOc1ccc(S(=O)(=O)N2CCC(CP(=O)([O-])OCC)CC2)cc1-c1nc2c(CCC)nn(C)c2c(=O)[nH]1
CHEMBL245317	CCCOc1ccc(S(=O)(=O)N2CCC(CP(=O)([O-])OCC)CC2)cc1-c1nc(=O)c2c([nH]1)c(CCC)nn2C
CHEMBL245317	CCCOc1ccc(S(=O)(=O)N2CCC(CP(=O)([O-])OCC)CC2)cc1-c1nc([O-])c2c(n1)c(CCC)nn2C
CHEMBL397383	O=C1C2Cc3c([nH]c4ccccc34)C(c3ccc4c(c3)OCO4)N2C(=O)CN1c1cncnc1
CHEMBL247893	O=C1C2Cc3c([nH]c4ccccc34)C(c3ccc4c(c3)OCO4)N2C(=O)CN1c1cccs1
CHEMBL140599	O=C1C2Cc3c([nH]c4ccccc34)C(c3ccc4c(c3)OCO4)N2C(=O)N1Cc1ccccc1
CHEMBL193603	CCN1C(=O)c2c(nc(Cc3ccccc3)n2Cc2ccc(O)cc2)N2CC(Cc3ccccc3)[NH+]=C12
CHEMBL193603	CCN1C(=O)c2c([nH+]c(Cc3ccccc3)n2Cc2ccc(O)cc2)N2CC(Cc3ccccc3)[NH+]=C12
CHEMBL558338	COc1ncc(-c2ccc3nc(NCC4CCOCC4)c(=O)n(CC4CCCCC4)c3n2)cn1
CHEMBL566820	CCCOCCn1c(=O)c(NC2CCC(O)CC2)nc2ncc(-c3ccc(OC)nc3)cc21
CHEMBL23990	COC(=O)c1c(C(=O)N2CCC(=O)CC2)cc2cc(OC)c(OC)cc2c1-c1cc(OC)c(OC)c(OC)c1
CHEMBL25935	COC(=O)c1c(C(=O)N2CCOCC2)cc2cc(OC)c(OC)cc2c1-c1cc(OC)c(OC)c(OC)c1
CHEMBL444354	CCCc1nc(C)n2c([O-])nc(-c3ccccc3OCC)nc12
CHEMBL444354	CCCc1nc(C)n2c(=O)nc(-c3ccccc3OCC)[nH]c12
CHEMBL141307	COc1ccc(C2c3[nH]c4ccccc4c3CC3C(=O)N(CC4CC4)CC(=O)N32)cc1
CHEMBL183899	CCCc1nn(C)c2c1C=C(c1cc(S(=O)(=O)N3CCN(C)CC3)ccc1OCC)CC2=O
CHEMBL183899	CCCc1nn(C)c2c1C=C(c1cc(S(=O)(=O)N3CC[NH+](C)CC3)ccc1OCC)CC2=O
CHEMBL540294	COC(=O)c1c(-c2cc(OC)c(OC)c(OC)c2)c2ccnc(OCc3ncccn3)c2c(=O)n1Cc1ccnc(C)c1
CHEMBL540294	COC(=O)c1c(-c2cc(OC)c(OC)c(OC)c2)c2ccnc(OCc3ncccn3)c2c(=O)n1Cc1cc[nH+]c(C)c1
CHEMBL72875	COC(=O)c1c(-c2cc(OC)c(OC)c(OC)c2)c2cc(OC)c(OC)cc2c(=O)n1N1CCCCC1
CHEMBL342876	COc1ccc(C2c3[nH]c4ccccc4c3CC3C(=O)N(Cc4ccccc4)CN32)cc1
CHEMBL140173	CN1C(=O)c2c(nn(C)c2Cc2ccccc2)N2C1=[NH+]C1CCCC12
CHEMBL196289	CCC(C)c1nc2c(=O)n(Cc3ccccc3)nc(C)c2c2cc(-c3ccccn3)nn12
CHEMBL513593	COc1ccc(CNc2ncnc3c(CC[NH+]4CCCCC4)c(OC)c(NC(=O)C(F)(F)F)cc23)cc1Cl
CHEMBL23992	CCN1C(=O)c2c(nc(Cc3ccccc3)n2Cc2ccc(O)cc2)N2C1=[NH+]C1CCCC12
CHEMBL23992	CCN1C(=O)c2c([nH+]c(Cc3ccccc3)n2Cc2ccc(O)cc2)N2C1=[NH+]C1CCCC12
CHEMBL169843	CCCOc1ccc(S(=O)(=O)N2CCN(C)CC2)cc1-c1nc2c(ncn2CCC)c(=O)[nH]1
CHEMBL169843	CCCOc1ccc(S(=O)(=O)N2CC[NH+](C)CC2)cc1-c1nc2c(ncn2CCC)c(=O)[nH]1
CHEMBL24752	COC(=O)c1c(C(=O)N2CCN(CCO)CC2)cc2c(Cl)cccc2c1-c1cc(Br)c(OC)c(OC)c1
CHEMBL426650	CCOc1ccc(S(=O)(=O)N2CCN(CC)CC2)cc1-c1nc2c(nc3cccc(C)n32)c(=O)[nH]1
CHEMBL426650	CCOc1ccc(S(=O)(=O)N2CC[NH+](CC)CC2)cc1-c1nc2c(nc3cccc(C)n32)c(=O)[nH]1
CHEMBL562756	CCCOCCn1c(=O)c(NCCN2CCOCC2)nc2ccc(-c3cnc(OC)nc3)nc21
CHEMBL562756	CCCOCCn1c(=O)c(NCC[NH+]2CCOCC2)nc2ccc(-c3cnc(OC)nc3)nc21
CHEMBL371451	Cc1nn(Cc2ccccc2)c(=O)c2nc(-c3cccnc3)n3nc(-c4ccccc4)cc3c12
CHEMBL563669	CCCOCCn1c(=O)c(NCC(=O)N(C)C)nc2ccc(-c3ccc(OC)nc3)nc21
CHEMBL86512	CCCOc1ccc(S(=O)(=O)N2CCC(CCO)CC2)cc1-c1nc2c([nH]1)c(=O)n(C)c(=O)n2CC(C)C
CHEMBL72650	c1ccc(CNc2nc(-c3ccccc3)nc3ccccc23)cc1
CHEMBL188628	O=C(Nc1nc(C2(C(=O)NO)CC2)cs1)c1cccc(COc2ccccc2)n1
CHEMBL305989	CN1C(=O)c2c(nc(CC3CCCC3)n2Cc2ccccc2)N2CC3(CCCC3)[NH+]=C12
CHEMBL305989	CN1C(=O)c2c([nH+]c(CC3CCCC3)n2Cc2ccccc2)N2CC3(CCCC3)[NH+]=C12
CHEMBL139998	CCn1ncc2c3c(NCc4ccc(OC)c(Cl)c4)nnc(-n4cnc(C(=O)NC)c4)c3cnc21
CHEMBL77893	COC(=O)c1c(-c2cc(OC)c(OC)c(OC)c2)c2ccnc(N3CC[NH+](C)CC3)c2c(=O)n1Cc1ccnc(C)c1
CHEMBL77893	COC(=O)c1c(-c2cc(OC)c(OC)c(OC)c2)c2ccnc(N3CC[NH+](C)CC3)c2c(=O)n1Cc1cc[nH+]c(C)c1
CHEMBL560516	CCCOCCn1c(=O)c(NCCN2CCOCC2)nc2ccc(-c3ccc(OC)nc3)cc21
CHEMBL560516	CCCOCCn1c(=O)c(NCC[NH+]2CCOCC2)nc2ccc(-c3ccc(OC)nc3)cc21
CHEMBL341092	O=c1c2c([nH]c3ccccc13)C(c1ccc3c(c1)OCO3)N(c1ncccn1)C2
CHEMBL433708	C[NH+]1CCN(C(=O)c2ccc(-c3ccc(C(=O)N4CCc5c([nH]c6ccccc56)C4c4ccc5c(c4)CCO5)o3)cc2)CC1
CHEMBL433708	CN1CCN(C(=O)c2ccc(-c3ccc(C(=O)N4CCc5c([nH]c6ccccc56)C4c4ccc5c(c4)CCO5)o3)cc2)CC1
CHEMBL365944	CCN1C(=O)c2c(nc(C#Cc3ccccc3)n2Cc2ccc(O)cc2)N2CC(Cc3ccccc3)[NH+]=C12
CHEMBL278354	CCCOc1ccc(C(N)=O)cc1-c1nc2cc3ncn(Cc4ccc(F)cc4)c3cc2c(=O)[nH]1
CHEMBL278354	CCCOc1ccc(C(N)=O)cc1-c1nc([O-])c2cc3c(cc2n1)ncn3Cc1ccc(F)cc1
CHEMBL278354	CCCOc1ccc(C(N)=O)cc1-c1nc(=O)c2cc3c(cc2[nH]1)ncn3Cc1ccc(F)cc1
CHEMBL372476	Cc1cccc(-c2nc3c(=O)n(Cc4ccccc4)nc(C)c3c3cc(-c4ccccc4)nn23)c1
CHEMBL213113	Cc1nn(Cc2ccccc2)c(=O)c2nc(C)n3nc(-c4ccsc4)cc3c12
CHEMBL462983	CCOc1ccc(C2c3[nH]c4ccccc4c3CC3C(=O)N(CCn4cccc4)C(=O)N32)cc1
CHEMBL146501	CCCOc1ccc(C(=O)N2CCC([NH+](C)C)C2)cc1-c1nc2cc3ncn(Cc4ccc(F)cc4)c3cc2c(=O)[nH]1
CHEMBL146501	CCCOc1ccc(C(=O)N2CCC([NH+](C)C)C2)cc1-c1nc(=O)c2cc3c(cc2[nH]1)ncn3Cc1ccc(F)cc1
CHEMBL146501	CCCOc1ccc(C(=O)N2CCC([NH+](C)C)C2)cc1-c1nc([O-])c2cc3c(cc2n1)ncn3Cc1ccc(F)cc1
CHEMBL544347	O=[N+]([O-])c1ccc2nc(-c3cccnc3)nc(NCc3ccccc3)c2c1
CHEMBL342922	O=C(c1ccc(-c2ccsc2)o1)N1Cc2c([nH]c3ccccc3c2=O)C1c1ccc2c(c1)OCO2
CHEMBL183096	CCOc1ccc(S(=O)(=O)N2CCN(C)CC2)cc1-c1nc2c(c(CC)nn2C2CCCC2)c(=O)[nH]1
CHEMBL183096	CCOc1ccc(S(=O)(=O)N2CC[NH+](C)CC2)cc1-c1nc2c(c(CC)nn2C2CCCC2)c(=O)[nH]1
CHEMBL180994	CCOc1ccccc1-c1nc([O-])n2c(C)nc(C3CCCC3)c2n1
CHEMBL180994	CCOc1ccccc1-c1nc(=O)n2c(C)nc(C3CCCC3)c2[nH]1
CHEMBL335148	CCCCN1C(=O)C2Cc3c([nH]c4ccccc34)C(c3ccsc3)N2C1=O
CHEMBL194511	CCN1C(=O)c2nc(Cc3ccccc3)n(Cc3ccccc3)c2N2CC(c3ccccc3)[NH+]=C12
CHEMBL283562	CCN1C(=O)c2nc(Cc3ccccc3)[nH]c2N2CC(Cc3ccccc3)[NH+]=C12
CHEMBL283562	CCN1C(=O)c2[nH]c(Cc3ccccc3)nc2N2CC(Cc3ccccc3)[NH+]=C12
CHEMBL314667	CC(C)Cn1c(=O)n(C)c(=O)c2[nH]c(-c3ccccc3OC(C)C)nc21
CHEMBL337804	O=C(c1ccc(-c2ccco2)o1)N1Cc2c([nH]c3ccccc3c2=O)C1c1ccc2c(c1)OCO2
CHEMBL410215	CCn1ncc2c3c(NCc4ccc(OC)c(Cl)c4)nnc(N4CCC(C(=O)[O-])CC4)c3cnc21
CHEMBL410215	CCn1ncc2c3c(NCc4ccc(OC)c(Cl)c4)n[nH+]c(N4CCC(C(=O)[O-])CC4)c3cnc21
CHEMBL23308	CCN1C(=O)c2c(nc(OC)n2Cc2ccc(O)c(Br)c2)N2CC(Cc3ccccc3)[NH+]=C12
CHEMBL306666	CN1C(=O)c2c(nc(Cc3ccccc3)n2CC2CCCCC2)N2C1=[NH+]C1CCCC12
CHEMBL306666	CN1C(=O)c2c([nH+]c(Cc3ccccc3)n2CC2CCCCC2)N2C1=[NH+]C1CCCC12
CHEMBL157819	O=C(OCc1ccccc1)N1Cc2c([nH]c3ccccc3c2=O)C1c1ccc2c(c1)OCO2
CHEMBL282796	COC(=O)c1c(C(=O)N2CCCC2)cc2cc(OC)c(OC)cc2c1-c1cc(OC)c(OC)c(OC)c1
CHEMBL203287	N#Cc1c(C(F)(F)F)cc(-c2cccs2)nc1SCc1ccc(C(=O)[O-])cc1
CHEMBL282709	CCN1C(=O)c2c(nc(N=[N+]=[N-])n2Cc2ccc(O)cc2)N2C1=[NH+]C1CCCC12
CHEMBL541847	c1cncc(-c2nc(NCc3cccs3)c3ccccc3n2)c1
CHEMBL560408	COc1ccc(-c2ccc3nc(NCCN4CCOCC4)c(=O)n(CC4CCCCC4)c3n2)cn1
CHEMBL560408	COc1ccc(-c2ccc3nc(NCC[NH+]4CCOCC4)c(=O)n(CC4CCCCC4)c3n2)cn1
CHEMBL321764	CCn1c(=O)c2c(nc(NC3CCCCC3)n2Cc2ccc3c(c2)OCO3)n(CC)c1=O
CHEMBL365694	O=C(Cc1csc(NC(=O)c2cnccc2Oc2ccc(Cl)cc2)n1)NO
CHEMBL344366	O=C(c1ccccc1)N1Cc2c([nH]c3ccccc3c2=O)C1c1ccc2c(c1)OCO2
CHEMBL138799	O=C(c1cccnc1)N1Cc2c([nH]c3ccccc3c2=O)C1c1ccc2c(c1)OCO2
CHEMBL556514	COc1ccc(Cn2c(=O)c(NCCN3CCOCC3)nc3ccc(-c4ccc(F)cc4)nc32)cc1
CHEMBL556514	COc1ccc(Cn2c(=O)c(NCC[NH+]3CCOCC3)nc3ccc(-c4ccc(F)cc4)nc32)cc1
CHEMBL33627	CN(C)C(=O)CC[NH+]1CCC(N2CC(=O)N3C(Cc4c([nH]c5ccccc45)C3c3ccc4c(c3)OCO4)C2=O)C1
CHEMBL336248	CCCCN1C(=O)C2Cc3c([nH]c4ccccc34)C(c3ccncc3)N2C1=O
CHEMBL349359	O=C(c1ccc(-c2ccccn2)o1)N1CCc2c([nH]c3ccccc23)C1c1ccc2c(c1)CCO2
CHEMBL163890	Oc1ccc(-c2cnc(N3CCc4c([nH]c5ccccc45)C3c3ccc4c(c3)CCO4)nc2)cc1
CHEMBL30936	O=C1C2Cc3c([nH]c4ccccc34)C(c3ccc4c(c3)OCO4)N2C(=O)CN1CCN1CCOCC1
CHEMBL30936	O=C1C2Cc3c([nH]c4ccccc34)C(c3ccc4c(c3)OCO4)N2C(=O)CN1CC[NH+]1CCOCC1
CHEMBL377563	Cc1nn(Cc2ccccc2)c(=O)c2nc(C)n3nc(-c4ccoc4)cc3c12
CHEMBL43205	CCCOc1ccc(-c2csc(-c3ccccc3)n2)cc1-c1nc2c(c(C)nn2C)c(=O)[nH]1
CHEMBL44508	CCCOc1ccccc1-c1nc2[nH]ncc2c(=O)[nH]1
CHEMBL44508	CCCOc1ccccc1-c1nc([O-])c2cn[nH]c2n1
CHEMBL44508	CCCOc1ccccc1-c1nc([O-])c2c[nH]nc2n1
CHEMBL44508	CCCOc1ccccc1-c1nc2n[nH]cc2c(=O)[nH]1
CHEMBL564374	CCCOCCn1c(=O)c(NCCN2CCOCC2)nc2ccc(-c3ccc(OC)nc3)nc21
CHEMBL564374	CCCOCCn1c(=O)c(NCC[NH+]2CCOCC2)nc2ccc(-c3ccc(OC)nc3)nc21
CHEMBL308828	CN1C(=O)c2nc(CC3CCCCC3)[nH]c2N2C1=[NH+]C1CCCC12
CHEMBL308828	CN1C(=O)c2[nH]c(CC3CCCCC3)[nH+]c2N2C1=[NH+]C1CCCC12
CHEMBL308828	CN1C(=O)c2[nH]c(CC3CCCCC3)nc2N2C1=[NH+]C1CCCC12
CHEMBL46771	CCCOc1ccc(NC(=O)c2ccc(F)cc2)cc1-c1nc2c(c(C)nn2C)c(=O)[nH]1
CHEMBL46621	CCCOc1ccc(NC(=O)CN2CC[NH+](C)CC2)cc1-c1nc2c(c(C)nn2C)c(=O)[nH]1
CHEMBL298478	CCCOc1ccc(NC(=O)c2cccs2)cc1-c1nc2c(c(C)nn2C)c(=O)[nH]1
CHEMBL42988	CCCOc1ccc(NC(=O)Nc2ccc(F)cc2)cc1-c1nc2c(c(C)nn2C)c(=O)[nH]1
CHEMBL269079	CCn1ncc2c(NCc3ccc(OC)c(Cl)c3)c(C(=O)NCCCCCO)cnc21
CHEMBL284070	O=C1C2Cc3c([nH]c4ccccc34)C(c3ccc4c(c3)OCO4)N2C(=O)CN1C1CC[NH+](CCc2ccccn2)C1
CHEMBL290694	CCCOc1ccc(-c2nc(C)cs2)cc1-c1nc2c(c(C)nn2CC)c(=O)[nH]1
CHEMBL562208	O=c1c(NCC2CCOCC2)nc2ccc(-c3ccc(F)cc3)nc2n1Cc1ccccn1
CHEMBL327772	CCCOc1ccc(S(=O)(=O)N2CCN(C(=O)N(C)C)CC2)cc1-c1nc2c([nH]1)c(=O)n(C)c(=O)n2CC(C)C
CHEMBL344676	COc1ccc(C2c3[nH]c4ccccc4c3CC3C(=O)N(CC[NH+]4CCCC4)C(=O)N32)cc1
CHEMBL423180	O=C(c1ccc(-c2cccnc2)o1)N1Cc2c([nH]c3ccccc3c2=O)C1c1ccc2c(c1)CCO2
CHEMBL378130	CCCCOc1ncc(C(C)=O)cc1-c1nc([O-])c2nn(CCN3CCOCC3)c(CC)c2n1
CHEMBL378130	CCCCOc1ncc(C(C)=O)cc1-c1nc2c(CC)n(CCN3CCOCC3)nc2c(=O)[nH]1
CHEMBL378130	CCCCOc1ncc(C(C)=O)cc1-c1nc(=O)c2nn(CCN3CCOCC3)c(CC)c2[nH]1
CHEMBL446663	CCN1C(=O)c2nc(Cc3ccccc3)[nH]c2N2C1=[NH+]C1CCCC12
CHEMBL446663	CCN1C(=O)c2[nH]c(Cc3ccccc3)nc2N2C1=[NH+]C1CCCC12
CHEMBL139785	O=C(c1ccc(-c2cccnc2)o1)N1Cc2c([nH]c3ccccc3c2=O)C1c1ccc2c(c1)OCO2
CHEMBL563661	O=c1c(NCc2cccnc2)nc2ccc(-c3ccc(F)cc3)nc2n1CC1CCCCC1
CHEMBL247270	CC(C)Cn1c(=O)n(C)c(=O)c2[nH]c(CC3CC4CCC3C4)nc21
CHEMBL561548	CCCOCCn1c(=O)c(NCCN2CCOCC2)nc2ccc(-c3ccc(F)cc3)nc21
CHEMBL561548	CCCOCCn1c(=O)c(NCC[NH+]2CCOCC2)nc2ccc(-c3ccc(F)cc3)nc21
CHEMBL585918	CCCOCCn1c(=O)c(NCC(=O)N2CC[NH+](C)CC2)nc2cnc(-c3ccc(OC)nc3)cc21
CHEMBL585918	CCCOCCn1c(=O)c(NCC(=O)N2CCN(C)CC2)nc2cnc(-c3ccc(OC)nc3)cc21
CHEMBL247285	COc1cc2cncc(Cc3nc4c([nH]3)c(=O)n(C)c(=O)n4CC3CCCCC3)c2cc1OC
CHEMBL247285	COc1cc2c[nH+]cc(Cc3nc4c([nH]3)c(=O)n(C)c(=O)n4CC3CCCCC3)c2cc1OC
CHEMBL444157	CCc1c2nc(-c3cc(S(=O)(=O)N4CC[NH+](CC)CC4)cnc3OC(C)COC)nc([O-])c2nn1Cc1ccccn1
CHEMBL444157	CCc1c2nc(-c3cc(S(=O)(=O)N4CCN(CC)CC4)cnc3OC(C)COC)nc([O-])c2nn1Cc1ccccn1
CHEMBL514435	CCc1c2nc(-c3cc(S(=O)(=O)N4CC[NH+](CC)CC4)cnc3OC(C)COC)nc([O-])c2nn1CCOC
CHEMBL514435	CCc1c2[nH]c(-c3cc(S(=O)(=O)N4CCN(CC)CC4)cnc3OC(C)COC)nc(=O)c2nn1CCOC
CHEMBL514435	CCc1c2[nH]c(-c3cc(S(=O)(=O)N4CC[NH+](CC)CC4)cnc3OC(C)COC)nc(=O)c2nn1CCOC
CHEMBL514435	CCc1c2nc(-c3cc(S(=O)(=O)N4CCN(CC)CC4)cnc3OC(C)COC)nc([O-])c2nn1CCOC
CHEMBL779	CN1CC(=O)N2C(Cc3c([nH]c4ccccc34)C2c2ccc3c(c2)OCO3)C1=O
CHEMBL305206	COC(=O)c1c(-c2cc(OC)c(OC)c(OC)c2)c2cc(OC)c(OC)cc2c(=O)n1N1CCOCC1
CHEMBL540539	COC(=O)c1c(-c2cc(OC)c(OC)c(OC)c2)c2ccc(OCc3ccccc3)cc2c(=O)n1-c1ccc(N)cc1
CHEMBL183370	CCCn1nc(C)c2c(=O)[nH]c(-c3cc(S(=O)(=O)N4CCN(C)CC4)ccc3OCC)nc21
CHEMBL183370	CCCn1nc(C)c2c(=O)[nH]c(-c3cc(S(=O)(=O)N4CC[NH+](C)CC4)ccc3OCC)nc21
CHEMBL539033	C#Cc1ccc2nc(-n3ccnc3)nc(NCc3ccccc3)c2c1
CHEMBL131892	COc1ccc(-c2cnc(N3Cc4c([nH]c5ccccc5c4=O)C3c3ccc4c(c3)OCCO4)nc2)cc1
CHEMBL133687	O=c1c2c([nH]c3ccccc13)C(c1ccc3c(c1)CCO3)N(c1ncc(-c3ccc(OCCN4CCOCC4)cc3)cn1)C2
CHEMBL133687	O=c1c2c([nH]c3ccccc13)C(c1ccc3c(c1)CCO3)N(c1ncc(-c3ccc(OCC[NH+]4CCOCC4)cc3)cn1)C2
CHEMBL466280	CC(C)c1n[nH]c2c(=O)[nH]c(CC3CCCCC3Nc3ncc(C(=O)[O-])c(C(F)(F)F)n3)nc12
CHEMBL466280	CC(C)c1[nH]nc2c(=O)[nH]c(CC3CCCCC3Nc3ncc(C(=O)[O-])c(C(F)(F)F)n3)nc12
CHEMBL567470	CCCOCCn1c(=O)c(NC2CCC(O)CC2)nc2cnc(-c3ccc(OC)nc3)cc21
CHEMBL397116	O=C1C2Cc3c([nH]c4ccccc34)C(c3ccc4c(c3)OCO4)N2C(=O)CN1c1cccnc1
CHEMBL561952	COc1ccc(-c2ccc3nc(NCC(=O)N(C)C)c(=O)n(CC4CCCCC4)c3n2)cn1
CHEMBL350400	FC(F)(F)c1cccc(-c2ccc(CN3CCc4c([nH]c5ccccc45)C3c3ccc4c(c3)OCO4)o2)c1
CHEMBL350400	FC(F)(F)c1cccc(-c2ccc(C[NH+]3CCc4c([nH]c5ccccc45)C3c3ccc4c(c3)OCO4)o2)c1
CHEMBL42796	CCCOc1ccccc1-c1nc2c(c(C)nn2Cc2ccccc2)c(=O)[nH]1
CHEMBL42796	CCCOc1ccccc1-c1nc([O-])c2c(C)nn(Cc3ccccc3)c2n1
CHEMBL361582	CCOc1ccc(S(=O)(=O)N2CCN(C)CC2)cc1-c1nn2c(C3CCCC3)nc(C)c2c(=O)[nH]1
CHEMBL361582	CCOc1ccc(S(=O)(=O)N2CC[NH+](C)CC2)cc1-c1nn2c(C3CCCC3)nc(C)c2c(=O)[nH]1
CHEMBL551948	CCCCCN1C(=O)CN(C)c2ncc(-c3ccc(F)c(F)c3)cc21
CHEMBL24323	COc1cc2cc3c(c(-c4cc(OC)c(OC)c(OC)c4)c2cc1OC)COC3=O
CHEMBL1160515	Nc1nc2c(ncn2C2OC3COP(=O)([O-])OC3C2OC(=O)c2ccc(C(=O)c3ccccc3)cc2)c(=O)[nH]1
CHEMBL305028	COC(=O)c1c(-c2cc(OC)c(OC)c(OC)c2)c2cc(OC)c(OC)cc2c(=O)n1Cc1ccccc1
CHEMBL79579	CCCOc1ccc(S(=O)(=O)N2CCC([NH+](C)C)C2)cc1-c1nc([O-])c2cnc3n[nH]cc3c2n1
CHEMBL79579	CCCOc1ccc(S(=O)(=O)N2CCC([NH+](C)C)C2)cc1-c1nc2c(cnc3[nH]ncc32)c(=O)[nH]1
CHEMBL79579	CCCOc1ccc(S(=O)(=O)N2CCC([NH+](C)C)C2)cc1-c1nc([O-])c2cnc3[nH]ncc3c2n1
CHEMBL342159	CS(=O)(=O)[N-]c1ccc(-c2ccc(C(=O)N3Cc4c([nH]c5ccccc5c4=O)C3c3ccc4c(c3)OCO4)o2)cc1
CHEMBL539783	COC(=O)c1c(-c2cc(OC)c(OC)c(OC)c2)c2ccnc(OCCc3ccccn3)c2c(=O)n1Cc1ccnc(C)c1
CHEMBL539783	COC(=O)c1c(-c2cc(OC)c(OC)c(OC)c2)c2ccnc(OCCc3ccccn3)c2c(=O)n1Cc1cc[nH+]c(C)c1
CHEMBL183726	CCOC(=O)c1sc(Nc2nc(NC)c3ncn(Cc4ccc(S(C)(=O)=O)cc4)c3n2)nc1C
CHEMBL86785	CC(C)Cn1c(=O)n(C)c(=O)c2[nH]c(-c3cc(S(=O)(=O)N4CCN(C)CC4)ccc3OC(C)C)nc21
CHEMBL86785	CC(C)Cn1c(=O)n(C)c(=O)c2[nH]c(-c3cc(S(=O)(=O)N4CC[NH+](C)CC4)ccc3OC(C)C)nc21
CHEMBL43617	CCCOc1ccccc1-c1nc([O-])c2c(C)noc2n1
CHEMBL43617	CCCOc1ccccc1-c1nc2onc(C)c2c(=O)[nH]1
CHEMBL590545	CCCOCCn1c(=O)c(N2CCC[NH+](CCO)CC2)nc2cnc(-c3ccc(OC)nc3)cc21
CHEMBL590544	CCCOCCn1c(=O)c(N2CC[NH+](CCCO)CC2)nc2cnc(-c3ccc(OC)nc3)cc21
CHEMBL590544	CCCOCCn1c(=O)c(N2CCN(CCCO)CC2)nc2cnc(-c3ccc(OC)nc3)cc21
CHEMBL187548	O=C(Cc1cccc(NC(=O)c2cccc(COc3ccccc3)n2)n1)NO
CHEMBL434135	CCOc1ccc(S(=O)(=O)N2CCN(CCO)CC2)cc1-c1nc2c(C3CCCC3)nn(C)c2c(=O)[nH]1
CHEMBL434135	CCOc1ccc(S(=O)(=O)N2CCN(CCO)CC2)cc1-c1nc(=O)c2c([nH]1)c(C1CCCC1)nn2C
CHEMBL434135	CCOc1ccc(S(=O)(=O)N2CCN(CCO)CC2)cc1-c1nc([O-])c2c(n1)c(C1CCCC1)nn2C
CHEMBL304161	CN1C(=O)c2c(nc(-c3ccccc3)n2Cc2ccccc2)N2CC3(CCCC3)[NH+]=C12
CHEMBL385683	Cc1nn(Cc2ccc3c(c2)OCO3)c(=O)c2nc(C)n3nc(-c4ccccc4)cc3c12
CHEMBL141703	COc1ccc(C2c3[nH]c4ccccc4c3CC3C(=O)N(C4CCCC4)CC(=O)N32)cc1
CHEMBL137400	CN1C(=O)c2c(nn(C)c2Cc2ccccc2)N2CC3(CCCC3)[NH+]=C12
CHEMBL212397	Cc1nn(Cc2ccccc2)c(=O)c2nc(C)n3nc(-c4cccnc4)cc3c12
CHEMBL150168	CCCOc1ccc(S(=O)(=O)N2CCC([NH+](C)C)C2)cc1-c1nc2cc3ncn(Cc4ccccc4)c3cc2c(=O)[nH]1
CHEMBL150168	CCCOc1ccc(S(=O)(=O)N2CCC([NH+](C)C)C2)cc1-c1nc(=O)c2cc3c(cc2[nH]1)ncn3Cc1ccccc1
CHEMBL150168	CCCOc1ccc(S(=O)(=O)N2CCC([NH+](C)C)C2)cc1-c1nc([O-])c2cc3c(cc2n1)ncn3Cc1ccccc1
CHEMBL18965	CCCCCCc1nc2c([nH]1)C(=O)N(C)C1=[NH+]C3(CCCC3)CN12
CHEMBL18965	CCCCCCc1[nH]c2c([nH+]1)N1CC3(CCCC3)[NH+]=C1N(C)C2=O
CHEMBL18965	CCCCCCc1nc2c([nH]1)N1CC3(CCCC3)[NH+]=C1N(C)C2=O
CHEMBL569265	CCCOCCn1c(=O)c(NCC(=O)N2CCOCC2)nc2ncc(-c3ccc(OC)nc3)cc21
CHEMBL569264	CCCOCCn1c(=O)c(NCC(=O)N2CCC(O)CC2)nc2cnc(-c3ccc(OC)nc3)cc21
CHEMBL569045	CCCOCCn1c(=O)c(NCc2cnccn2)nc2ncc(-c3ccc(OC)nc3)cc21
CHEMBL569481	CCCOCCn1c(=O)c(NCc2ccccn2)nc2cnc(-c3ccc(OC)nc3)cc21
CHEMBL584317	CCCOCCn1c(=O)c(NCCOCC)nc2ncc(-c3ccc(OC)nc3)cc21
CHEMBL180237	CCCn1cnc2c(=O)[nH]c(-c3cc(S(=O)(=O)N4CCN(C)CC4)ccc3OCC)nc21
CHEMBL180237	CCCn1cnc2c(=O)[nH]c(-c3cc(S(=O)(=O)N4CC[NH+](C)CC4)ccc3OCC)nc21
CHEMBL557467	O=c1c(NCC2CCOCC2)nc2ccc(-c3ccc(F)cc3)nc2n1CC1CCCCC1
CHEMBL431377	CN1C(=O)c2c(nc(Cc3ccc(-c4ccccc4)cc3)n2Cc2ccccc2)N2CC3(CCCC3)[NH+]=C12
CHEMBL192	CCCc1nn(C)c2c(=O)[nH]c(-c3cc(S(=O)(=O)N4CCN(C)CC4)ccc3OCC)nc12
CHEMBL192	CCCc1nn(C)c2c(=O)nc(-c3cc(S(=O)(=O)N4CCN(C)CC4)ccc3OCC)[nH]c12
CHEMBL192	CCCc1nn(C)c2c(=O)[nH]c(-c3cc(S(=O)(=O)N4CC[NH+](C)CC4)ccc3OCC)nc12
CHEMBL192	CCCc1nn(C)c2c([O-])nc(-c3cc(S(=O)(=O)N4CCN(C)CC4)ccc3OCC)nc12
CHEMBL138949	O=C(c1ccc(-c2ccncc2)o1)N1Cc2c([nH]c3ccccc3c2=O)C1c1ccc2c(c1)OCO2
CHEMBL209460	CCCc1nn(C)c2c(=O)[nH]c(-c3cc(C(=O)CN4CCOCC4)ccc3OCC)nc12
CHEMBL209460	CCCc1nn(C)c2c(=O)nc(-c3cc(C(=O)CN4CCOCC4)ccc3OCC)[nH]c12
CHEMBL209460	CCCc1nn(C)c2c([O-])nc(-c3cc(C(=O)CN4CCOCC4)ccc3OCC)nc12
CHEMBL519357	CCN1C(=O)C2C(N=C(OC)N2Cc2ccc(OC)c(Cl)c2)N2CC(Cc3ccccc3)N=C12
CHEMBL551250	CCCOCCn1c(=O)c(NCCN2CCOCC2)nc2ncc(-c3ccc(OC)nc3)cc21
CHEMBL551250	CCCOCCn1c(=O)c(NCC[NH+]2CCOCC2)nc2ncc(-c3ccc(OC)nc3)cc21
CHEMBL551050	CCCOCCn1c(=O)c(NCCN2CCOCC2)nc2ncc(-c3ccc(OC)nc3)nc21
CHEMBL551050	CCCOCCn1c(=O)c(NCC[NH+]2CCOCC2)nc2ncc(-c3ccc(OC)nc3)nc21
CHEMBL550851	CCCOCCn1c(=O)c(NCCN2CCOCC2)nc2cnc(-c3ccc(OC)nc3)nc21
CHEMBL550851	CCCOCCn1c(=O)c(NCC[NH+]2CCOCC2)nc2cnc(-c3ccc(OC)nc3)nc21
CHEMBL33944	O=C1C2Cc3c([nH]c4ccccc34)C(c3ccc4c(c3)OCO4)N2C(=O)CN1C1CC[NH+](CCC2CC2)C1
CHEMBL551052	CCCOCCn1c(=O)c(NCCN2CCOCC2)nc2cnc(-c3ccc(OC)nc3)cc21
CHEMBL551052	CCCOCCn1c(=O)c(NCC[NH+]2CCOCC2)nc2cnc(-c3ccc(OC)nc3)cc21
CHEMBL557266	COc1ccc(Cn2c(=O)ccc3ccc(-c4ccncc4)cc32)cc1
CHEMBL274965	CCCCCCc1nc2c([nH]1)C(=O)N(C)C1=[NH+]C(C(C)C)CN12
CHEMBL274965	CCCCCCc1nc2c([nH]1)N1CC(C(C)C)[NH+]=C1N(C)C2=O
CHEMBL274965	CCCCCCc1[nH]c2c([nH+]1)N1CC(C(C)C)[NH+]=C1N(C)C2=O
CHEMBL52141	CCCc1nn(C)c2c(=O)[nH]c(-c3ccccc3OCC3CC3)nc12
CHEMBL52141	CCCc1nn(C)c2c(=O)nc(-c3ccccc3OCC3CC3)[nH]c12
CHEMBL52141	CCCc1nn(C)c2c([O-])nc(-c3ccccc3OCC3CC3)nc12
CHEMBL42563	CCCOc1ccccc1-c1nc([O-])c2cncnc2n1
CHEMBL539778	COC(=O)c1c(-c2cc(OC)c(OC)c(OC)c2)c2ccc(OCc3ccccn3)nc2c(=O)n1Cc1ccccn1
CHEMBL84731	CCOc1ccc(S(=O)(=O)N2CCN(C)CC2)cc1-c1nc2c([nH]1)c(=O)n(C)c(=O)n2Cc1ccc(OC)cc1
CHEMBL84731	CCOc1ccc(S(=O)(=O)N2CCN(C)CC2)cc1-c1nc2c([O-])n(C)c(=O)n(Cc3ccc(OC)cc3)c-2n1
CHEMBL84731	CCOc1ccc(S(=O)(=O)N2CC[NH+](C)CC2)cc1-c1nc2c([nH]1)c(=O)n(C)c(=O)n2Cc1ccc(OC)cc1
CHEMBL566598	CCCOCCn1c(=O)c(NCC(=O)N2CCCC2)nc2cnc(-c3ccc(OC)nc3)cc21
CHEMBL361136	CCOc1ccccc1-c1nc2c(ncn2C2CCC2)c(=O)[nH]1
CHEMBL539266	COC(=O)c1c(-c2cc(OC)c(OC)c(OC)c2)c2ccc(OCc3ccccn3)nc2c(=O)n1Cc1cccnc1
CHEMBL351744	Cc1[nH+]cc(-c2cnc(N3CCc4c([nH]c5ccccc45)C3c3ccc4c(c3)CCO4)nc2)n1C
CHEMBL351744	Cc1ncc(-c2cnc(N3CCc4c([nH]c5ccccc45)C3c3ccc4c(c3)CCO4)nc2)n1C
CHEMBL163905	c1ccc(-c2ccc(N3CCc4c([nH]c5ccccc45)C3c3ccc4c(c3)CCO4)nc2)nc1
CHEMBL313482	CCOc1ccc(S(=O)(=O)N2CCN(C)CC2)cc1-c1nc2c([nH]1)c(=O)n(C)c(=O)n2CC1CCCCC1
CHEMBL313482	CCOc1ccc(S(=O)(=O)N2CC[NH+](C)CC2)cc1-c1nc2c([nH]1)c(=O)n(C)c(=O)n2CC1CCCCC1
CHEMBL550817	Cc1noc(C)c1-c1ccc2nc(NCCN3CCOCC3)c(=O)n(CC3CCCCC3)c2n1
CHEMBL550817	Cc1noc(C)c1-c1ccc2nc(NCC[NH+]3CCOCC3)c(=O)n(CC3CCCCC3)c2n1
CHEMBL541818	COC(=O)c1c(-c2cc(OC)c(C)c(OC)c2)c2ccc(OCc3ccccn3)cc2c(=O)n1-c1ccc(N)cc1
CHEMBL553819	Clc1ccc2nc(-c3cccnc3)nc(NCc3ccco3)c2c1
CHEMBL553729	COC(=O)c1c(-c2cc(OC)c(OC)c(OC)c2)c2ccc(OCc3ccccn3)nc2c(=O)n1-c1ccc(N)cc1
CHEMBL542410	COC(=O)c1c(-c2cc(OC)c(OC)c(OC)c2)c2ccc(OCc3ncccn3)nc2c(=O)n1Cc1ccnc(C)c1
CHEMBL542410	COC(=O)c1c(-c2cc(OC)c(OC)c(OC)c2)c2ccc(OCc3ncccn3)nc2c(=O)n1Cc1cc[nH+]c(C)c1
CHEMBL497293	COc1ccc(-c2oc3c(CC=C(C)C)c(O)cc(O)c3c(=O)c2OC2OC(C)C(O)C(O)C2O)cc1
CHEMBL141631	COc1ccc(C2c3[nH]c4ccccc4c3CC3C(=O)N(C4CCCCC4)C(=O)N32)cc1
CHEMBL1094544	CCOCCn1nc(CC)c2nc(N3CC[NH2+]CC3)nc(Nc3ccccc3)c21
CHEMBL32255	O=C1C2Cc3c([nH]c4ccccc34)C(c3ccc4c(c3)OCO4)N2C(=O)CN1C1CC[NH+](Cc2ccccc2)C1
CHEMBL32255	O=C1C2Cc3c([nH]c4ccccc34)C(c3ccc4c(c3)OCO4)N2C(=O)CN1C1CCN(Cc2ccccc2)C1
CHEMBL568839	CCCOCCn1c(=O)c(NCC(=O)NC)nc2cnc(-c3ccc(OC)nc3)cc21
CHEMBL343941	O=C1C2Cc3c([nH]c4ccccc34)C(c3ccc4c(c3)OCO4)N2C(=O)CN1C1CCCCC1
CHEMBL179849	CCOc1ccccc1-c1nn2c(C3CCCC3)nc(C)c2c(=O)[nH]1
CHEMBL179849	CCOc1ccccc1-c1nc(=O)c2c(C)nc(C3CCCC3)n2[nH]1
CHEMBL179849	CCOc1ccccc1-c1nc([O-])c2c(C)nc(C3CCCC3)n2n1
CHEMBL42713	CCCOc1ccccc1-c1nc2[nH]cnc2c(=O)[nH]1
CHEMBL42713	CCCOc1ccccc1-c1nc2nc[nH]c2c(=O)[nH]1
CHEMBL263000	O=C(C#Cc1ccccc1)N1Cc2c([nH]c3ccccc3c2=O)C1c1ccc2c(c1)OCO2
CHEMBL140874	COc1ccc(C2c3[nH]c4ccccc4c3CC3C(=O)N(CCc4ccccn4)C(=O)N32)cc1
CHEMBL1202833	COC(=O)c1c(-c2cc(OC)c(OC)c(OC)c2)c2ccc(NCc3ccccn3)nc2c(=O)n1Cc1ccnc(C)c1
CHEMBL1202833	COC(=O)c1c(-c2cc(OC)c(OC)c(OC)c2)c2ccc(NCc3ccccn3)nc2c(=O)n1Cc1cc[nH+]c(C)c1
CHEMBL483655	CCN1C(=O)C2C(N=C([NH+]=[N+]=[N-])N2Cc2ccc(O)cc2)N2C1=[NH+]C1CCCC12
CHEMBL483655	CCN1C(=O)C2C(N=C([NH+]=[N+]=[N-])N2Cc2ccc(O)cc2)N2C1=NC1CCCC12
CHEMBL1097983	CCc1nn(CCOCC(F)(F)F)c2c(Nc3ccncn3)nc(NCC[NH3+])nc12
CHEMBL1095123	CCc1nn(CCOCC(F)(F)F)c2c(Nc3ccncn3)nc(N3CCOCC3)nc12
CHEMBL1095121	CCc1nn(CCOCC(F)(F)F)c2c(Nc3ccncn3)nc(N3CC[NH2+]C(C)C3)nc12
CHEMBL433418	CCCOc1ccc(S(N)(=O)=O)cc1-c1nc2c([nH]1)c(=O)n(C)c(=O)n2CC(C)C
CHEMBL369259	O=c1c2c([nH]c3ccccc13)C(c1ccc3c(c1)CCO3)N(c1ccc(-c3ccccn3)nc1)C2
CHEMBL369259	O=c1c2c([nH]c3ccccc13)C(c1ccc3c(c1)CCO3)N(c1ccc(-c3cccc[nH+]3)nc1)C2
CHEMBL369259	O=c1c2c([nH]c3ccccc13)C(c1ccc3c(c1)CCO3)N(c1ccc(-c3ccccn3)[nH+]c1)C2
CHEMBL168949	CCCc1nc(C)c2c(=O)[nH]c(-c3cc(S(=O)(=O)N4CCN(C)CC4)ccc3OCC)nn12
CHEMBL168949	CCCc1nc(C)c2c([O-])nc(-c3cc(S(=O)(=O)N4CCN(C)CC4)ccc3OCC)nn12
CHEMBL168949	CCCc1nc(C)c2c(=O)[nH]c(-c3cc(S(=O)(=O)N4CC[NH+](C)CC4)ccc3OCC)nn12
CHEMBL1339	CCCc1nc(C)c2c(=O)[nH]c(-c3cc(S(=O)(=O)N4CCN(CC)CC4)ccc3OCC)nn12
CHEMBL1339	CCCc1nc(C)c2c(=O)[nH]c(-c3cc(S(=O)(=O)N4CC[NH+](CC)CC4)ccc3OCC)nn12
CHEMBL1339	CCCc1nc(C)c2c([O-])nc(-c3cc(S(=O)(=O)N4CCN(CC)CC4)ccc3OCC)nn12
CHEMBL355574	O=c1c2c([nH]c3ccccc13)C(c1ccc3c(c1)OCO3)N(c1ncc(-c3cccnc3)cn1)C2
CHEMBL425690	O=c1c2c([nH]c3ccccc13)C(c1ccc3c(c1)CCO3)N(c1ncc(-c3ccccn3)cn1)C2
CHEMBL369621	O=c1c2c([nH]c3ccccc13)C(c1ccc3c(c1)CCO3)N(c1ccccn1)C2
CHEMBL369621	O=c1c2c([nH]c3ccccc13)C(c1ccc3c(c1)CCO3)N(c1cccc[nH+]1)C2
CHEMBL173728	O=c1c2c([nH]c3ccccc13)C(c1ccc3c(c1)CCO3)N(c1ccc(-n3ccnc3)cc1)C2
CHEMBL177542	CN1CC(=O)N2C(CC3c4ccccc4NC3C2c2ccc3c(c2)OCO3)C1=O
CHEMBL372955	CCCC1CN2C(=[NH+]1)N(CC)C(=O)c1nc(Cc3ccccc3)n(Cc3ccccc3)c12
CHEMBL360508	CCOc1ccccc1-c1nc2c(ncn2C2CC2)c(=O)[nH]1
CHEMBL370118	CCN1C(=O)c2nc(Cc3ccccc3)n(Cc3ccc(O)cc3)c2N2CC(Cc3ccccc3)[NH+]=C12
CHEMBL26229	CCN1C(=O)c2c([nH+]c(OCc3ccccc3)n2Cc2ccc(O)c(Cl)c2)N2CC(Cc3ccccc3)[NH+]=C12
CHEMBL190948	O=C(Cc1csc(NC(=O)C2CC=[N+](c3ccccc3)c3ccccc32)n1)NO
CHEMBL190948	O=C(Cc1csc(NC(=O)C2C=CN(c3ccccc3)c3ccccc32)n1)NO
CHEMBL77651	COc1cc(O)c(CC=C(C)C)c2oc(-c3ccc(O)cc3)c(O)c(=O)c12
CHEMBL141518	CN1CC2Cc3c([nH]c4ccccc34)C(c3ccc4c(c3)OCO4)N2C1=O
CHEMBL8410	CCn1ncc2c(NCc3ccc(OC)c(Cl)c3)c(C(=O)NCC3CCCO3)cnc21
CHEMBL209581	CC1=NN(Cc2ccccc2)C(=O)C2N=C(C)n3nc(-c4ccccc4)cc3C12
CHEMBL158633	O=c1c2c([nH]c3ccccc13)C(c1ccc3c(c1)OCO3)N(S(=O)(=O)Cc1ccccc1)C2
CHEMBL157701	O=C(Cc1ccccc1)N1Cc2c([nH]c3ccccc3c2=O)C1c1ccc2c(c1)OCO2
CHEMBL422006	O=c1c2c([nH]c3ccccc13)C(c1ccc3c(c1)OCO3)N(C/C=C/c1ccccc1)C2
CHEMBL377168	CCCc1nn(C)c2c(=O)[nH]c(-c3cc(C(C)=O)ccc3OCC)nc12
CHEMBL377168	CCCc1nn(C)c2c(=O)nc(-c3cc(C(C)=O)ccc3OCC)[nH]c12
CHEMBL377168	CCCc1nn(C)c2c([O-])nc(-c3cc(C(C)=O)ccc3OCC)nc12
CHEMBL563637	CN(C)C(=O)CNc1nc2ccc(-c3ccc(F)cc3)nc2n(CC2CCCCC2)c1=O
CHEMBL511065	CCCc1nn(C)c2c(=O)[nH]c(-c3cc(S(=O)(=O)N4CCN(Cc5ccc6c(c5)OCO6)CC4)ccc3OCC)nc12
CHEMBL511065	CCCc1nn(C)c2c(=O)nc(-c3cc(S(=O)(=O)N4CCN(Cc5ccc6c(c5)OCO6)CC4)ccc3OCC)[nH]c12
CHEMBL511065	CCCc1nn(C)c2c([O-])nc(-c3cc(S(=O)(=O)N4CCN(Cc5ccc6c(c5)OCO6)CC4)ccc3OCC)nc12
CHEMBL513873	CCCc1nn(C)c2c(=O)[nH]c(-c3cc(S(=O)(=O)N4CCN(C5CCCCC5)CC4)ccc3OCC)nc12
CHEMBL513873	CCCc1nn(C)c2c([O-])nc(-c3cc(S(=O)(=O)N4CC[NH+](C5CCCCC5)CC4)ccc3OCC)nc12
CHEMBL513873	CCCc1nn(C)c2c([O-])nc(-c3cc(S(=O)(=O)N4CCN(C5CCCCC5)CC4)ccc3OCC)nc12
CHEMBL513873	CCCc1nn(C)c2c(=O)[nH]c(-c3cc(S(=O)(=O)N4CC[NH+](C5CCCCC5)CC4)ccc3OCC)nc12
CHEMBL378542	CC(=O)CCc1nc2c(=O)n(Cc3ccccc3)nc(C)c2c2cc(-c3ccccc3)nn12
CHEMBL188333	O=C(Cc1csc(NC(=O)c2ccc3ccccc3n2)n1)NO
CHEMBL303154	CN1C(=O)c2nc(Cc3ccc(-c4ccccc4)cc3)[nH]c2N2CC3(CCCC3)[NH+]=C12
CHEMBL303154	CN1C(=O)c2[nH]c(Cc3ccc(-c4ccccc4)cc3)nc2N2CC3(CCCC3)[NH+]=C12
CHEMBL427043	CCCCOc1ncc(C(C)=O)cc1-c1nc([O-])c2nn(C3CC[NH+](CC)CC3)c(CC)c2n1
CHEMBL427043	CCCCOc1ncc(C(C)=O)cc1-c1nc2c(CC)n(C3CC[NH+](CC)CC3)nc2c(=O)[nH]1
CHEMBL427043	CCCCOc1ncc(C(C)=O)cc1-c1nc(=O)c2nn(C3CC[NH+](CC)CC3)c(CC)c2[nH]1
CHEMBL431772	CCN1C(=O)c2nc(C)[nH]c2N2C1=[NH+]C1CCCC12
CHEMBL431772	CCN1C(=O)c2[nH]c(C)nc2N2C1=[NH+]C1CCCC12
CHEMBL584285	CCCOCCn1c(=O)c(NCC(=O)N2CC[NH+](C)CC2)nc2ncc(-c3ccc(OC)nc3)cc21
CHEMBL584285	CCCOCCn1c(=O)c(NCC(=O)N2CCN(C)CC2)nc2ncc(-c3ccc(OC)nc3)cc21
CHEMBL77795	COC(=O)c1c(-c2cc(OC)c(OC)c(OC)c2)c2ccnc(OCc3ccccn3)c2c(=O)n1Cc1ccnc(C)c1
CHEMBL77795	COC(=O)c1c(-c2cc(OC)c(OC)c(OC)c2)c2ccnc(OCc3ccccn3)c2c(=O)n1Cc1cc[nH+]c(C)c1
CHEMBL1095455	CCc1nn(CCOCC(F)(F)F)c2c(Nc3ccncn3)nc(N3CCNC(=O)C3)nc12
CHEMBL160556	O=c1c2c([nH]c3ccccc13)C(c1ccc3c(c1)OCO3)N(S(=O)(=O)/C=C/c1ccccc1)C2
CHEMBL160556	O=S(=O)(/C=C/c1ccccc1)N1Cc2c(nc3ccccc3c2[O-])C1c1ccc2c(c1)OCO2
CHEMBL345179	O=C(CCc1ccccc1)N1Cc2c([nH]c3ccccc3c2=O)C1c1ccc2c(c1)OCO2
CHEMBL539357	COC(=O)c1c(-c2cc(OC)c(OC)c(OC)c2)c2ccc(OCCc3ccccn3)nc2c(=O)n1Cc1ccnc(C)c1
CHEMBL539357	COC(=O)c1c(-c2cc(OC)c(OC)c(OC)c2)c2ccc(OCCc3ccccn3)nc2c(=O)n1Cc1cc[nH+]c(C)c1
CHEMBL544289	COC(=O)c1c(-c2cc(OC)c(OC)c(OC)c2)c2ccc(OCc3cccnc3)cc2c(=O)n1-c1ccc(N)cc1
CHEMBL553786	COC(=O)c1c(-c2cc(OC)c(OC)c(OC)c2)c2ccc(OCc3ccncc3)cc2c(=O)n1-c1ccc(N)cc1
CHEMBL423177	O=C(c1ccc(Br)o1)N1Cc2c([nH]c3ccccc3c2=O)C1c1ccc2c(c1)OCO2
CHEMBL304389	CN1C(=O)c2nc(Cc3ccc(-c4ccccc4)cc3)[nH]c2N2C1=[NH+]C1CCCC12
CHEMBL304389	CN1C(=O)c2[nH]c(Cc3ccc(-c4ccccc4)cc3)nc2N2C1=[NH+]C1CCCC12
CHEMBL24719	COC(=O)c1c(C(=O)N2CCC(O)CC2)cc2cc(OC)c(OC)cc2c1-c1cc(OC)c(OC)c(OC)c1
CHEMBL33518	O=C1C2Cc3c([nH]c4ccccc34)C(c3ccc4c(c3)OCO4)N2C(=O)CN1C1CC[NH+](CCc2cccnc2)C1
CHEMBL181916	CCOc1ccc(S(=O)(=O)N2CCN(CCO)CC2)cc1-c1nc([O-])c2nnc(C3CCCC3)n2n1
CHEMBL336003	O=C(c1cc2ccc(O)cc2o1)N1Cc2c([nH]c3ccccc3c2=O)C1c1ccc2c(c1)OCO2
CHEMBL72812	CN1C(=O)c2nc(Cc3ccccc3)[nH]c2N2CC3(CCCC3)[NH+]=C12
CHEMBL72812	CN1C(=O)c2[nH]c(Cc3ccccc3)nc2N2CC3(CCCC3)[NH+]=C12
CHEMBL455187	CCc1c2nc(-c3cc(S(=O)(=O)N4CC[NH+](CC)CC4)cnc3OC(C)c3ccccn3)nc([O-])c2nn1C
CHEMBL455187	CCc1c2[nH]c(-c3cc(S(=O)(=O)N4CC[NH+](CC)CC4)cnc3OC(C)c3ccccn3)nc(=O)c2nn1C
CHEMBL455187	CCc1c2nc(-c3cc(S(=O)(=O)N4CCN(CC)CC4)cnc3OC(C)c3ccccn3)nc([O-])c2nn1C
CHEMBL284719	O=C1C2Cc3c([nH]c4ccccc34)C(c3ccc4c(c3)OCO4)N2C(=O)CN1C1CN(Cc2ccccc2)C1
CHEMBL284719	O=C1C2Cc3c([nH]c4ccccc34)C(c3ccc4c(c3)OCO4)N2C(=O)CN1C1C[NH+](Cc2ccccc2)C1
CHEMBL356178	CCCOc1ccc(C(=O)N2CC[NH+](CC)CC2)cc1-c1nc2cc3ncn(Cc4ccc(F)cc4)c3cc2c(=O)[nH]1
CHEMBL356178	CCCOc1ccc(C(=O)N2CC[NH+](CC)CC2)cc1-c1nc(=O)c2cc3c(cc2[nH]1)ncn3Cc1ccc(F)cc1
CHEMBL356178	CCCOc1ccc(C(=O)N2CC[NH+](CC)CC2)cc1-c1nc([O-])c2cc3c(cc2n1)ncn3Cc1ccc(F)cc1
CHEMBL356178	CCCOc1ccc(C(=O)N2CCN(CC)CC2)cc1-c1nc2cc3ncn(Cc4ccc(F)cc4)c3cc2c(=O)[nH]1
CHEMBL558729	CCCOCCn1c(=O)c(NCC2CCOCC2)nc2ccc(-c3ccc(OC)nc3)nc21
CHEMBL8132	CCn1ncc2c(NC(C)C3CCCCC3)c3cc(C#N)ccc3nc21
CHEMBL425344	CCCn1nnc2c([O-])nc(-c3ccccc3OCC)nc21
CHEMBL182829	CCOc1ccccc1-c1nc([O-])c2nnc(C3CCCC3)n2n1
CHEMBL430802	CN1C(=O)c2c(nc(CC3CCCC3)n2Cc2ccccc2)N2C1=[NH+]C1CCCC12
CHEMBL430802	CN1C(=O)c2c([nH+]c(CC3CCCC3)n2Cc2ccccc2)N2C1=[NH+]C1CCCC12
CHEMBL595104	COc1ccc(CNc2ncnc3c(CCO)c(OC)c(N(C)C(=O)C4CC4)cc23)cc1Cl
CHEMBL595104	COc1ccc(CNc2nc[nH+]c3c(CCO)c(OC)c(N(C)C(=O)C4CC4)cc23)cc1Cl
CHEMBL344018	CCn1ncc2c3c(NCc4ccc(OC)c(Cl)c4)nnc(NCc4ccncc4)c3cnc21
CHEMBL493552	CCOC(=O)c1sc(Nc2nc(NCc3ccc(S(N)(=O)=O)cc3)cc(N3CC[NH2+]CC3)[nH+]2)nc1C
CHEMBL522338	CCOC(=O)c1sc(Nc2nc(NCc3ccc(S(N)(=O)=O)cc3)cc(NC)[nH+]2)nc1C
CHEMBL522338	CCOC(=O)c1sc(Nc2nc(NC)cc(NCc3ccc(S(N)(=O)=O)cc3)[nH+]2)nc1C
CHEMBL161408	O=C(NCc1ccccc1)N1Cc2c([nH]c3ccccc3c2=O)C1c1ccc2c(c1)OCO2
CHEMBL554480	CCOc1ccc(S(=O)(=O)N2CCN(C)CC2)cc1-c1nc2c(nc3ccccn32)c(=O)[nH]1
CHEMBL554480	CCOc1ccc(S(=O)(=O)N2CC[NH+](C)CC2)cc1-c1nc2c(nc3ccccn32)c(=O)[nH]1
CHEMBL569491	CCCOCCn1c(=O)c(NCc2ccccn2)nc2ncc(-c3ccc(OC)nc3)cc21
CHEMBL1098465	CCOCCn1nc(CC)c2nc(NCC3CC[NH2+]CC3)nc(Nc3cc(C)ccn3)c21
CHEMBL1098465	CCOCCn1nc(CC)c2nc(NCC3CC[NH2+]CC3)nc(Nc3cc(C)cc[nH+]3)c21
CHEMBL1094490	CCOCCn1nc(C)c2nc(NC3CCOCC3)nc(Nc3cc(C)ccn3)c21
CHEMBL1094490	CCOCCn1nc(C)c2nc(NC3CCOCC3)nc(Nc3cc(C)cc[nH+]3)c21
CHEMBL1094489	CCOCCn1nc(CC)c2nc(N3CCC(C[NH3+])CC3)nc(Nc3cc(C)ccn3)c21
CHEMBL1094489	CCOCCn1nc(CC)c2nc(N3CCC(C[NH3+])CC3)nc(Nc3cc(C)cc[nH+]3)c21
CHEMBL136498	O=C(c1cc2ccc(O)cc2o1)N1Cc2c([nH]c3ccccc3c2=O)C1c1ccc2c(c1)CCO2
CHEMBL183696	CCOc1ccc(S(=O)(=O)N2CCN(CCO)CC2)cc1-c1nc([O-])c2onc(C3CCCC3)c2n1
CHEMBL560545	O=c1c(NCC2CCOCC2)nc2ccc(-c3ccc(F)cc3)nc2n1Cc1cccnc1
CHEMBL193364	CCN1C(=O)c2nc(CCc3ccccc3)n(Cc3ccccc3)c2N2CC(Cc3ccccc3)[NH+]=C12
CHEMBL336291	COc1ccc(-c2cnc(N3Cc4c([nH]c5ccccc5c4=O)C3c3ccc4c(c3)CCC4)nc2)cc1OC
CHEMBL344852	CN1C(=O)c2c(n[nH]c2Cc2ccccc2)N2C1=[NH+]C1CCCC12
CHEMBL344852	CN1C(=O)c2c(Cc3ccccc3)n[nH]c2N2C1=[NH+]C1CCCC12
CHEMBL71478	COC(=O)c1c(-c2cc(OC)c(OC)c(OC)c2)c2cc(OC)c(OC)cc2c(=O)n1C1CCCCC1
CHEMBL563130	O=c1c(NCC2CCOCC2)nc2ccc(-c3ccncc3)nc2n1CC1CCCCC1
CHEMBL1094191	CCOCCn1nc(CC)c2nc(N(C)C3CC[NH+](C)CC3)nc(Nc3cc(C)ccn3)c21
CHEMBL1094191	CCOCCn1nc(CC)c2nc(N(C)C3CC[NH+](C)CC3)nc(Nc3cc(C)cc[nH+]3)c21
CHEMBL28676	CN1C(=O)c2c(nc(-c3ccc(C4CCCCC4)cc3)n2Cc2ccccc2)N2CC3(CCCC3)[NH+]=C12
CHEMBL130612	COc1ccc(-c2cnc(N3Cc4c([nH]c5ccccc5c4=O)C3c3ccc(OC)c(OC)c3)nc2)cc1OC
CHEMBL557059	O=c1c(NCC2CCOCC2)nc2ccc(-c3ccc(F)cc3)nc2n1Cc1cc(F)cc(F)c1
CHEMBL46831	CCCOc1ccccc1-c1nc2nsc(C)c2c(=O)[nH]1
CHEMBL46831	CCCOc1ccccc1-c1nc([O-])c2c(C)snc2n1
CHEMBL25391	CCCOc1ccccc1-c1nc2cc3nc[nH]c3cc2c(=O)[nH]1
CHEMBL25391	CCCOc1ccccc1-c1nc([O-])c2cc3[nH]cnc3cc2n1
CHEMBL25391	CCCOc1ccccc1-c1nc(=O)c2cc3[nH]cnc3cc2[nH]1
CHEMBL456142	CCOc1ccc(C2c3[nH]c4ccccc4c3CC3C(=O)N(Cc4ccccc4)C(=O)N32)cc1
CHEMBL342404	O=C(c1ccc(-c2ccc(OCC[NH+]3CCCC3)cc2)o1)N1Cc2c([nH]c3ccccc3c2=O)C1c1ccc2c(c1)OCO2
CHEMBL210603	CCCCOc1ncc(C(C)=O)cc1-c1nc([O-])c2nn(Cc3ccccn3)c(CCC)c2n1
CHEMBL210603	CCCCOc1ncc(C(C)=O)cc1-c1nc2c(CCC)n(Cc3ccccn3)nc2c(=O)[nH]1
CHEMBL210603	CCCCOc1ncc(C(C)=O)cc1-c1nc(=O)c2nn(Cc3ccccn3)c(CCC)c2[nH]1
CHEMBL116818	COC(=O)c1cccc(Nc2nc(-c3ccccc3)nc3ccccc23)c1
CHEMBL28079	CCCOc1ccccc1-c1nc([O-])c2n[nH]nc2n1
CHEMBL28079	CCCOc1ccccc1-c1nc([O-])c2[nH]nnc2n1
CHEMBL28079	CCCOc1ccccc1-c1nc([O-])c2nn[nH]c2n1
CHEMBL28079	CCCOc1ccccc1-c1nc([O-])c2n[n-]nc2n1
CHEMBL308249	CN1C(=O)c2c(nc(Cc3ccc(-c4ccccc4)cc3)n2Cc2ccccc2)N2C1=[NH+]C1CCCC12
CHEMBL71204	CN1C(=O)c2c(nc(Cc3ccccc3)n2Cc2ccccc2)N2CC3(CCCC3)[NH+]=C12
CHEMBL1097782	CCOCCn1nc(CC)c2nc(N3CCC[NH2+]CC3)nc(Nc3cc(C)ccn3)c21
CHEMBL1097782	CCOCCn1nc(CC)c2nc(N3CCC[NH2+]CC3)nc(Nc3cc(C)cc[nH+]3)c21
CHEMBL140493	CCCCN1C(=O)C2Cc3c([nH]c4ccccc34)C(c3cccnc3)N2C1=O
CHEMBL141980	CCCCN1C(=O)C2Cc3c([nH]c4ccccc34)C(c3ccoc3)N2C1=O
CHEMBL286309	O=C(CC[NH+]1CCC(N2CC(=O)N3C(Cc4c([nH]c5ccccc45)C3c3ccc4c(c3)OCO4)C2=O)C1)N1CCC1
CHEMBL1098751	CCc1nn(CCOCC(F)(F)F)c2c(Nc3ccncn3)nc(N(C)C3CC[NH+](C)CC3)nc12
CHEMBL282515	Cn1cc[nH+]c1CC[NH+]1CCC(N2CC(=O)N3C(Cc4c([nH]c5ccccc45)C3c3ccc4c(c3)OCO4)C2=O)C1
CHEMBL282515	Cn1ccnc1CC[NH+]1CCC(N2CC(=O)N3C(Cc4c([nH]c5ccccc45)C3c3ccc4c(c3)OCO4)C2=O)C1
CHEMBL282515	Cn1cc[nH+]c1CCN1CCC(N2CC(=O)N3C(Cc4c([nH]c5ccccc45)C3c3ccc4c(c3)OCO4)C2=O)C1
CHEMBL158374	O=C(/C=C/c1ccccc1)N1Cc2c([nH]c3ccccc3c2=O)C1c1ccc2c(c1)OCO2
